Date,Adj Close, label 
2005/1/3,6143.097656,0
2005/1/4,6060.4375,0
2005/1/5,5988.347656,0
2005/1/6,5982.098145,0
2005/1/7,5935.968262,0
2005/1/10,5942.828125,0
2005/1/11,5975.638184,0
2005/1/12,5879.058105,0
2005/1/13,5853.917969,0
2005/1/14,5889.498047,0
2005/1/17,5945.248047,0
2005/1/18,5933.547852,0
2005/1/19,5895.328125,0
2005/1/20,5888.078125,0
2005/1/21,5848.888184,0
2005/1/24,5771.458984,1
2005/1/25,5782.729004,0
2005/1/26,5835.348145,0
2005/1/27,5842.737793,0
2005/1/28,5879.908203,0
2005/1/31,5994.20752,0
2005/2/1,5981.518066,0
2005/2/2,6018.66748,0
2005/2/3,6034.577637,0
2005/2/14,6112.377441,0
2005/2/15,6122.367676,0
2005/2/16,6143.467773,0
2005/2/17,6072.137695,0
2005/2/18,6115.407715,0
2005/2/21,6142.757324,0
2005/2/22,6107.147461,0
2005/2/23,6121.497559,0
2005/2/24,6128.317383,0
2005/2/25,6207.806641,0
2005/3/1,6259.666016,-1
2005/3/2,6225.226563,0
2005/3/3,6202.356445,0
2005/3/4,6193.59668,0
2005/3/7,6220.496582,0
2005/3/8,6173.316406,0
2005/3/9,6213.256348,0
2005/3/10,6192.506348,0
2005/3/11,6204.206543,0
2005/3/14,6155.486328,0
2005/3/15,6063.45752,0
2005/3/16,6072.337402,0
2005/3/17,6032.447754,0
2005/3/18,6043.927734,0
2005/3/21,6058.9375,0
2005/3/22,6018.767578,0
2005/3/23,6019.467773,0
2005/3/24,6000.977539,0
2005/3/25,6065.887695,0
2005/3/28,6048.717773,0
2005/3/29,5961.218262,0
2005/3/30,5957.958008,0
2005/3/31,6005.857422,0
2005/4/1,6028.727539,0
2005/4/4,6019.907715,0
2005/4/6,6013.467773,0
2005/4/7,5971.737793,0
2005/4/8,6024.047363,0
2005/4/11,5979.397949,0
2005/4/12,5993.867676,0
2005/4/13,5998.057617,0
2005/4/14,5976.658203,0
2005/4/15,5888.348145,0
2005/4/18,5715.13916,0
2005/4/19,5748.329102,0
2005/4/20,5692.98877,1
2005/4/21,5721.969238,0
2005/4/22,5747.068848,0
2005/4/25,5758.289063,0
2005/4/26,5805.228516,0
2005/4/27,5778.249023,0
2005/4/28,5842.248047,0
2005/4/29,5818.04834,0
2005/5/3,5818.19873,0
2005/5/4,5803.658691,0
2005/5/5,5927.478027,0
2005/5/6,5967.937988,0
2005/5/9,5966.828125,0
2005/5/10,5949.777832,0
2005/5/11,5917.10791,0
2005/5/12,5934.578125,0
2005/5/13,5981.458008,0
2005/5/16,5925.85791,0
2005/5/17,5893.987793,0
2005/5/18,5890.808105,0
2005/5/19,5970.687988,0
2005/5/20,5954.667969,0
2005/5/23,5885.428223,0
2005/5/24,5909.078125,0
2005/5/25,5888.507813,0
2005/5/26,5939.397949,0
2005/5/27,5991.527344,0
2005/5/30,6009.497559,0
2005/5/31,6011.537598,0
2005/6/1,5971.598145,0
2005/6/2,6039.45752,0
2005/6/3,6107.927734,0
2005/6/6,6137.547363,0
2005/6/7,6105.767578,0
2005/6/8,6161.636719,0
2005/6/9,6145.896484,0
2005/6/10,6192.32666,0
2005/6/13,6231.026367,0
2005/6/14,6205.736328,0
2005/6/15,6252.076172,0
2005/6/16,6282.38623,0
2005/6/17,6293.536133,0
2005/6/20,6296.866211,0
2005/6/21,6278.436035,0
2005/6/22,6357.805664,0
2005/6/23,6373.835449,0
2005/6/24,6340.665527,0
2005/6/27,6302.966309,0
2005/6/28,6316.815918,0
2005/6/29,6231.626465,0
2005/6/30,6241.916504,0
2005/7/1,6272.116211,0
2005/7/4,6271.17627,0
2005/7/5,6232.016602,0
2005/7/6,6222.026367,0
2005/7/7,6212.57666,0
2005/7/8,6201.376465,1
2005/7/11,6298.835938,0
2005/7/12,6358.785645,0
2005/7/13,6377.06543,0
2005/7/14,6418.325684,0
2005/7/15,6410.56543,0
2005/7/19,6416.31543,0
2005/7/20,6423.785645,0
2005/7/21,6394.005371,0
2005/7/22,6380.705566,0
2005/7/25,6420.425781,0
2005/7/26,6366.135742,0
2005/7/27,6327.226074,0
2005/7/28,6375.615723,0
2005/7/29,6311.956055,0
2005/8/1,6307.90625,0
2005/8/2,6343.515625,0
2005/8/3,6455.54541,0
2005/8/4,6445.985352,-1
2005/8/8,6380.005371,0
2005/8/9,6379.975586,0
2005/8/10,6356.81543,0
2005/8/11,6353.685547,0
2005/8/12,6350.875488,0
2005/8/15,6245.106445,0
2005/8/16,6242.376465,0
2005/8/17,6241.896484,0
2005/8/18,6205.066406,0
2005/8/19,6158.916504,0
2005/8/22,6206.626465,0
2005/8/23,6195.156738,0
2005/8/24,6127.217773,0
2005/8/25,6109.637695,0
2005/8/26,6136.527344,0
2005/8/29,6049.41748,0
2005/8/30,6032.097656,0
2005/8/31,6033.447754,0
2005/9/2,6116.027344,0
2005/9/5,6098.757324,0
2005/9/6,6140.117676,0
2005/9/7,6141.117676,0
2005/9/8,6149.856445,0
2005/9/9,6119.037598,0
2005/9/12,6164.956543,0
2005/9/13,6169.056641,0
2005/9/14,6148.676758,0
2005/9/15,6082.537598,0
2005/9/16,6031.217773,0
2005/9/19,6035.567383,0
2005/9/20,6105.327637,0
2005/9/21,6067.317383,0
2005/9/22,5972.038086,0
2005/9/23,5925.518066,1
2005/9/26,5930.178223,0
2005/9/27,5945.027832,0
2005/9/28,5931.35791,0
2005/9/29,6009.967773,0
2005/9/30,6118.587402,0
2005/10/3,6123.897461,0
2005/10/4,6142.097656,0
2005/10/5,6134.987305,-1
2005/10/6,6095.787598,0
2005/10/7,6081.817383,0
2005/10/11,6066.567383,0
2005/10/12,5987.377441,0
2005/10/13,5960.087891,0
2005/10/14,5969.047852,0
2005/10/17,5826.248047,0
2005/10/18,5830.768066,0
2005/10/19,5694.13916,0
2005/10/20,5747.979004,0
2005/10/21,5738.73877,0
2005/10/24,5717.258789,0
2005/10/25,5721.289063,0
2005/10/26,5700.699219,0
2005/10/27,5661.15918,0
2005/10/28,5632.949219,1
2005/10/31,5764.278809,0
2005/11/1,5798.38916,0
2005/11/2,5870.348145,0
2005/11/3,5857.987793,0
2005/11/4,5911.718262,0
2005/11/7,5860.368164,0
2005/11/8,5849.60791,0
2005/11/9,5971.038086,0
2005/11/10,5988.347656,0
2005/11/11,6075.237305,0
2005/11/14,6083.597656,0
2005/11/15,6030.717773,0
2005/11/16,6046.177734,0
2005/11/17,6020.91748,0
2005/11/18,6106.717773,0
2005/11/21,6103.397461,0
2005/11/22,6059.16748,0
2005/11/23,6123.497559,0
2005/11/24,6111.867676,0
2005/11/25,6128.177734,0
2005/11/28,6203.816406,0
2005/11/29,6139.487305,0
2005/11/30,6203.446777,0
2005/12/1,6179.796387,0
2005/12/2,6228.926758,0
2005/12/5,6348.285645,0
2005/12/6,6350.495605,0
2005/12/7,6329.496094,0
2005/12/8,6249.166504,0
2005/12/9,6264.335938,0
2005/12/12,6266.266113,0
2005/12/13,6261.15625,0
2005/12/14,6235.32666,0
2005/12/15,6258.446289,0
2005/12/16,6350.665527,0
2005/12/19,6431.395508,0
2005/12/20,6427.81543,0
2005/12/21,6471.865723,0
2005/12/22,6417.175781,0
2005/12/23,6512.60498,0
2005/12/26,6534.745117,0
2005/12/27,6531.564941,0
2005/12/28,6524.375,0
2005/12/29,6575.504883,0
2005/12/30,6548.314941,0
2006/1/2,6462.035645,1
2006/1/3,6591.745117,0
2006/1/4,6616.415039,0
2006/1/5,6709.844238,0
2006/1/6,6694.793945,0
2006/1/9,6742.364258,0
2006/1/10,6707.374023,0
2006/1/11,6735.864258,0
2006/1/12,6725.583984,0
2006/1/13,6682.324707,0
2006/1/16,6724.154297,0
2006/1/17,6711.01416,-1
2006/1/18,6498.89502,0
2006/1/19,6512.265137,0
2006/1/20,6486.60498,0
2006/1/23,6381.945801,1
2006/1/24,6451.915527,0
2006/1/25,6532.155273,0
2006/2/3,6594.575195,0
2006/2/6,6719.934082,0
2006/2/7,6720.054199,0
2006/2/8,6624.084473,0
2006/2/9,6630.104492,0
2006/2/10,6594.89502,0
2006/2/13,6562.265137,0
2006/2/14,6612.945313,0
2006/2/15,6598.465332,0
2006/2/16,6683.904297,0
2006/2/17,6673.724609,0
2006/2/20,6686.523926,0
2006/2/21,6631.484375,0
2006/2/22,6530.675293,0
2006/2/23,6474.665527,0
2006/2/24,6538.195313,0
2006/2/27,6561.60498,0
2006/3/1,6613.365234,0
2006/3/2,6642.93457,0
2006/3/3,6553.635254,0
2006/3/6,6575.754883,0
2006/3/7,6494.125,0
2006/3/8,6459.54541,0
2006/3/9,6486.445313,0
2006/3/10,6490.655273,0
2006/3/13,6544.60498,0
2006/3/14,6459.985352,0
2006/3/15,6518.675293,0
2006/3/16,6504.955078,0
2006/3/17,6528.544922,0
2006/3/20,6516.495117,0
2006/3/21,6458.005371,0
2006/3/22,6391.235352,0
2006/3/23,6364.575684,1
2006/3/24,6376.595703,0
2006/3/27,6421.825684,0
2006/3/28,6453.825684,0
2006/3/29,6498.004883,0
2006/3/30,6546.035156,0
2006/3/31,6613.945313,0
2006/4/3,6660.734375,0
2006/4/4,6665.574707,0
2006/4/6,6760.793945,0
2006/4/7,6781.914063,0
2006/4/10,6780.614258,0
2006/4/11,6757.144043,0
2006/4/12,6808.474121,0
2006/4/13,6855.714355,0
2006/4/14,6952.51416,0
2006/4/17,7000.063965,0
2006/4/18,6989.434082,0
2006/4/19,7038.753906,0
2006/4/20,7102.713867,0
2006/4/21,7093.023438,0
2006/4/24,7096.013672,0
2006/4/25,7059.914063,0
2006/4/26,7168.952637,0
2006/4/27,7136.183105,0
2006/4/28,7171.742676,0
2006/5/2,7199.572754,0
2006/5/3,7242.342773,0
2006/5/4,7345.012207,0
2006/5/5,7370.412109,0
2006/5/8,7474.021973,-1
2006/5/9,7388.912109,0
2006/5/10,7324.682129,0
2006/5/11,7361.422363,0
2006/5/12,7278.932129,0
2006/5/15,7176.322754,0
2006/5/16,7069.874023,0
2006/5/17,7116.803223,0
2006/5/18,7034.003906,0
2006/5/19,7074.124023,0
2006/5/22,6938.233887,0
2006/5/23,6843.954102,0
2006/5/24,6876.983887,0
2006/5/25,6861.624023,0
2006/5/26,6879.483887,0
2006/5/29,6878.854004,0
2006/5/30,6846.924316,0
2006/6/1,6872.813965,0
2006/6/2,6959.614258,0
2006/6/5,6715.244141,0
2006/6/6,6730.244141,0
2006/6/7,6612.715332,0
2006/6/8,6331.785645,0
2006/6/9,6444.605469,0
2006/6/12,6442.875488,0
2006/6/13,6337.185547,0
2006/6/14,6468.985352,0
2006/6/15,6426.365723,0
2006/6/16,6575.745117,0
2006/6/19,6583.015137,0
2006/6/20,6363.525391,0
2006/6/21,6299.565918,1
2006/6/22,6485.125488,0
2006/6/23,6452.285645,0
2006/6/26,6523.655273,0
2006/6/27,6572.365234,0
2006/6/28,6540.905273,0
2006/6/29,6607.365234,0
2006/6/30,6704.384277,0
2006/7/3,6718.474121,0
2006/7/4,6734.483887,-1
2006/7/5,6659.93457,0
2006/7/6,6659.044434,0
2006/7/7,6660.584473,0
2006/7/10,6682.43457,0
2006/7/11,6639.104492,0
2006/7/12,6634.064453,0
2006/7/13,6567.575195,0
2006/7/14,6428.005371,0
2006/7/17,6257.775879,1
2006/7/18,6285.286133,0
2006/7/19,6277.216309,0
2006/7/20,6443.71582,0
2006/7/21,6419.985352,0
2006/7/24,6359.605469,0
2006/7/25,6390.96582,0
2006/7/26,6376.365723,0
2006/7/27,6459.225586,0
2006/7/28,6480.04541,0
2006/7/31,6454.555664,0
2006/8/1,6441.435547,0
2006/8/2,6471.395508,0
2006/8/3,6462.29541,0
2006/8/4,6442.585449,0
2006/8/7,6416.585449,0
2006/8/8,6502.115234,0
2006/8/9,6573.195313,0
2006/8/10,6578.584961,0
2006/8/11,6571.075195,0
2006/8/14,6611.875,0
2006/8/15,6615.10498,0
2006/8/16,6696.604004,0
2006/8/17,6733.434082,-1
2006/8/18,6721.054199,0
2006/8/21,6505.89502,0
2006/8/22,6590.175293,0
2006/8/23,6556.305176,0
2006/8/24,6550.615234,0
2006/8/25,6526.195313,0
2006/8/28,6444.735352,1
2006/8/29,6479.885742,0
2006/8/30,6587.095215,0
2006/8/31,6611.745117,0
2006/9/1,6651.43457,0
2006/9/4,6750.753906,0
2006/9/5,6734.704102,0
2006/9/6,6688.374023,0
2006/9/7,6685.204102,0
2006/9/8,6693.083984,0
2006/9/11,6693.854004,0
2006/9/12,6625.70459,0
2006/9/13,6664.844727,0
2006/9/14,6598.845215,0
2006/9/15,6681.064453,0
2006/9/18,6882.454102,0
2006/9/19,6881.844238,0
2006/9/20,6877.744141,0
2006/9/21,6889.864258,0
2006/9/22,6885.574219,0
2006/9/25,6911.184082,0
2006/9/26,6901.724121,0
2006/9/27,6946.244141,0
2006/9/28,6885.094238,0
2006/9/29,6883.023926,0
2006/10/2,6960.924316,0
2006/10/3,6956.854004,0
2006/10/4,6874.954102,0
2006/10/5,6997.214355,0
2006/10/11,7006.644043,0
2006/10/12,6984.554199,0
2006/10/13,7068.773926,0
2006/10/16,7151.393066,0
2006/10/17,7075.103516,0
2006/10/18,7017.574219,0
2006/10/19,6995.804199,0
2006/10/20,7039.344238,0
2006/10/23,7040.233887,0
2006/10/24,7097.393555,0
2006/10/25,7059.864258,0
2006/10/26,7080.813477,0
2006/10/27,7086.713867,0
2006/10/30,6995.174316,0
2006/10/31,7021.293945,0
2006/11/1,7013.964355,0
2006/11/2,7078.07373,0
2006/11/3,7161.583008,0
2006/11/6,7120.413086,0
2006/11/7,7184.622559,0
2006/11/8,7178.3125,0
2006/11/9,7151.103027,0
2006/11/10,7174.172852,0
2006/11/13,7136.033203,0
2006/11/14,7204.012695,0
2006/11/15,7236.822754,0
2006/11/16,7257.452148,0
2006/11/17,7259.512207,0
2006/11/20,7261.452148,0
2006/11/21,7309.662109,0
2006/11/22,7348.742188,0
2006/11/23,7384.662109,0
2006/11/24,7427.332031,0
2006/11/27,7498.12207,0
2006/11/28,7444.912109,0
2006/11/29,7474.162109,0
2006/11/30,7567.691406,0
2006/12/1,7613.541016,0
2006/12/4,7646.980957,0
2006/12/5,7609.871094,0
2006/12/6,7693.30127,-1
2006/12/7,7686.491211,0
2006/12/8,7636.270996,0
2006/12/11,7612.091309,0
2006/12/12,7458.532227,0
2006/12/13,7450.271973,1
2006/12/14,7480.382324,0
2006/12/15,7538.791504,0
2006/12/18,7624.591309,0
2006/12/19,7598.851074,0
2006/12/20,7648.321289,0
2006/12/21,7620.911133,0
2006/12/22,7652.441406,0
2006/12/25,7646.78125,0
2006/12/26,7727.561035,0
2006/12/27,7733.151367,0
2006/12/28,7732.901367,0
2006/12/29,7823.690918,0
2007/1/2,7920.769531,0
2007/1/3,7917.269531,0
2007/1/4,7934.479492,0
2007/1/5,7835.540527,0
2007/1/8,7736.681152,0
2007/1/9,7789.980957,0
2007/1/10,7698.491211,0
2007/1/11,7618.520996,1
2007/1/12,7761.681152,0
2007/1/15,7783.471191,0
2007/1/16,7792.05127,0
2007/1/17,7833.950684,0
2007/1/18,7895.149902,0
2007/1/19,7840.050781,0
2007/1/22,7842.440918,0
2007/1/23,7852.330078,0
2007/1/24,7935.509766,0
2007/1/25,7923.739746,-1
2007/1/26,7821.290527,0
2007/1/29,7751.76123,0
2007/1/30,7739.881348,0
2007/1/31,7699.611328,1
2007/2/1,7701.51123,0
2007/2/2,7777.000977,0
2007/2/5,7783.091309,0
2007/2/6,7875.720215,0
2007/2/7,7850.030762,0
2007/2/8,7842.190918,0
2007/2/9,7859.5,0
2007/2/12,7776.331055,0
2007/2/13,7736.80127,0
2007/2/14,7809.421387,0
2007/2/26,7900.169922,0
2007/2/27,7901.929688,-1
2007/3/1,7678.641113,0
2007/3/2,7670.741211,0
2007/3/5,7344.532227,1
2007/3/6,7451.032227,0
2007/3/7,7480.862305,0
2007/3/8,7573.841309,0
2007/3/9,7568.171387,0
2007/3/12,7629.121094,0
2007/3/13,7683.971191,0
2007/3/14,7570.241211,0
2007/3/15,7695.931152,0
2007/3/16,7719.770996,0
2007/3/19,7737.431152,0
2007/3/20,7736.171387,0
2007/3/21,7757.000977,0
2007/3/22,7823.640625,0
2007/3/23,7859.290039,0
2007/3/26,7877.789551,0
2007/3/27,7845.140625,0
2007/3/28,7788.111328,0
2007/3/29,7848.300781,0
2007/3/30,7884.379883,0
2007/4/2,7884.959961,0
2007/4/3,7932.879883,0
2007/4/4,8004.579102,0
2007/4/9,8056.529297,0
2007/4/10,8048.359375,0
2007/4/11,8084.419434,0
2007/4/12,8075.169434,0
2007/4/13,8002.269043,0
2007/4/16,8043.509277,0
2007/4/17,7959.259766,0
2007/4/18,8003.279297,0
2007/4/19,7888.599609,0
2007/4/20,7942.639648,0
2007/4/23,8010.429199,0
2007/4/24,8044.979004,0
2007/4/25,7984.619141,0
2007/4/26,8000.009277,0
2007/4/27,7949.389648,0
2007/4/30,7875.390137,0
2007/5/2,7903.009766,0
2007/5/3,7926.629883,0
2007/5/4,8066.029297,0
2007/5/7,8115.239258,0
2007/5/8,8095.809082,0
2007/5/9,8052.669434,0
2007/5/10,8096.829102,0
2007/5/11,8031.509277,0
2007/5/14,8030.529297,0
2007/5/15,7974.999512,0
2007/5/16,7988.539063,0
2007/5/17,8037.929199,0
2007/5/18,8034.109375,0
2007/5/21,8141.559082,0
2007/5/22,8188.599121,0
2007/5/23,8221.757813,0
2007/5/24,8216.37793,0
2007/5/25,8159.939453,0
2007/5/28,8156.789063,0
2007/5/29,8181.459473,0
2007/5/30,8147.309082,0
2007/5/31,8144.919434,0
2007/6/1,8249.868164,0
2007/6/4,8294.757813,0
2007/6/5,8303.958008,0
2007/6/6,8314.647461,0
2007/6/7,8355.227539,0
2007/6/8,8300.677734,0
2007/6/11,8338.847656,0
2007/6/12,8370.227539,0
2007/6/13,8346.357422,0
2007/6/14,8450.6875,0
2007/6/15,8573.607422,0
2007/6/20,8755.847656,0
2007/6/21,8851.958008,0
2007/6/22,8846.357422,0
2007/6/25,8939.157227,0
2007/6/26,8865.717773,0
2007/6/27,8844.1875,0
2007/6/28,8892.796875,0
2007/6/29,8883.176758,0
2007/7/2,8939.457031,0
2007/7/3,8996.166992,0
2007/7/4,9068.946289,0
2007/7/5,9148.746094,0
2007/7/6,9188.275391,0
2007/7/9,9369.805664,0
2007/7/10,9384.696289,0
2007/7/11,9290.916016,0
2007/7/12,9354.375977,0
2007/7/13,9471.264648,0
2007/7/16,9417.286133,0
2007/7/17,9509.695313,0
2007/7/18,9485.314453,0
2007/7/19,9473.274414,0
2007/7/20,9585.864258,0
2007/7/23,9621.53418,0
2007/7/24,9744.022461,0
2007/7/25,9740.092773,-1
2007/7/26,9566.383789,0
2007/7/27,9162.246094,0
2007/7/30,9072.536133,0
2007/7/31,9287.21582,0
2007/8/1,8891.84668,0
2007/8/2,8950.537109,0
2007/8/3,9057.786133,0
2007/8/6,8941.697266,0
2007/8/7,8862.277344,1
2007/8/8,9099.425781,0
2007/8/9,9182.56543,-1
2007/8/10,8931.276367,0
2007/8/13,8938.926758,0
2007/8/14,8910.957031,0
2007/8/15,8593.007813,0
2007/8/16,8201.337891,0
2007/8/17,8090.259277,1
2007/8/20,8515.567383,0
2007/8/21,8479.047852,0
2007/8/22,8493.427734,0
2007/8/23,8732.807617,0
2007/8/24,8690.057617,0
2007/8/27,8718.277344,0
2007/8/28,8727.517578,0
2007/8/29,8643.288086,0
2007/8/30,8771.177734,0
2007/8/31,8982.126953,0
2007/9/3,8979.926758,0
2007/9/4,8922.947266,0
2007/9/5,8913.816406,0
2007/9/6,9017.046875,0
2007/9/7,9018.046875,0
2007/9/10,8937.546875,0
2007/9/11,9003.086914,0
2007/9/12,9018.086914,0
2007/9/13,8927.386719,0
2007/9/14,9031.59668,0
2007/9/17,8899.876953,0
2007/9/19,8926.34668,0
2007/9/20,8982.99707,0
2007/9/21,9105.246094,0
2007/9/26,9257.435547,0
2007/9/27,9413.616211,0
2007/9/28,9411.916016,0
2007/10/1,9488.464844,0
2007/10/2,9623.213867,0
2007/10/3,9700.033203,0
2007/10/4,9627.353516,0
2007/10/5,9617.223633,0
2007/10/8,9717.132813,0
2007/10/9,9639.793945,0
2007/10/11,9697.632813,0
2007/10/12,9496.43457,0
2007/10/15,9518.415039,0
2007/10/16,9592.433594,0
2007/10/17,9562.124023,0
2007/10/18,9637.03418,0
2007/10/19,9611.683594,0
2007/10/22,9360.595703,1
2007/10/23,9502.354492,0
2007/10/24,9442.585938,0
2007/10/25,9568.223633,0
2007/10/26,9631.473633,0
2007/10/29,9809.842773,0
2007/10/30,9757.892578,-1
2007/10/31,9711.333008,0
2007/11/1,9598.194336,0
2007/11/2,9273.055664,0
2007/11/5,9308.56543,0
2007/11/6,9292.765625,0
2007/11/7,9300.185547,0
2007/11/8,8937.546875,0
2007/11/9,8970.886719,0
2007/11/12,8670.578125,0
2007/11/13,8727.177734,0
2007/11/14,8942.896484,0
2007/11/15,8905.376953,0
2007/11/16,8764.788086,0
2007/11/19,8680.677734,0
2007/11/20,8680.828125,0
2007/11/21,8484.078125,0
2007/11/22,8499.337891,0
2007/11/23,8342.167969,0
2007/11/26,8528.297852,0
2007/11/27,8375.727539,0
2007/11/28,8276.227539,1
2007/11/29,8446.998047,0
2007/11/30,8586.368164,0
2007/12/3,8583.807617,0
2007/12/4,8651.248047,0
2007/12/5,8676.917969,0
2007/12/6,8694.37793,0
2007/12/7,8722.347656,0
2007/12/10,8597.998047,0
2007/12/11,8638.297852,-1
2007/12/12,8490.807617,0
2007/12/13,8187.919434,0
2007/12/14,8118.049316,0
2007/12/17,7830.820801,0
2007/12/18,7807.361328,1
2007/12/19,8014.279297,0
2007/12/20,7857.050293,0
2007/12/21,7941.409668,0
2007/12/24,8135.449219,0
2007/12/25,8167.039063,0
2007/12/26,8156.359375,0
2007/12/27,8313.6875,0
2007/12/28,8396.917969,0
2007/12/31,8506.248047,-1
2008/1/2,8323.017578,0
2008/1/3,8184.169434,0
2008/1/4,8221.067383,0
2008/1/7,7883.339844,1
2008/1/8,7962.879883,0
2008/1/9,8085.029297,0
2008/1/10,8057.239258,0
2008/1/11,8029.279297,0
2008/1/14,8173.379395,0
2008/1/15,8428.807617,-1
2008/1/16,8179.509277,0
2008/1/17,8101.599121,0
2008/1/18,8184.619141,0
2008/1/21,8110.169434,0
2008/1/22,7581.931152,0
2008/1/23,7408.37207,1
2008/1/24,7517.021484,0
2008/1/25,7739.561035,0
2008/1/28,7485.762207,0
2008/1/29,7576.391113,0
2008/1/30,7543.47168,0
2008/1/31,7521.101563,0
2008/2/1,7673.961426,0
2008/2/12,7553.270996,0
2008/2/13,7550.520996,0
2008/2/14,7865.25,0
2008/2/15,7876.340332,0
2008/2/18,7890.869629,0
2008/2/19,8024.379395,0
2008/2/20,7894.439941,0
2008/2/21,8085.899414,0
2008/2/22,8108.679199,0
2008/2/25,8286.277344,0
2008/2/26,8307.637695,0
2008/2/27,8462.047852,0
2008/2/29,8412.727539,0
2008/3/3,8262.837891,0
2008/3/4,8470.078125,0
2008/3/5,8483.917969,0
2008/3/6,8658.607422,-1
2008/3/7,8531.347656,0
2008/3/10,8299.337891,0
2008/3/11,8381.567383,0
2008/3/12,8435.267578,0
2008/3/13,8210.958008,0
2008/3/14,8161.359375,0
2008/3/17,8005.429199,1
2008/3/18,8057.789063,0
2008/3/19,8179.319336,0
2008/3/20,8337.587891,0
2008/3/21,8524.958008,0
2008/3/24,8865.317383,0
2008/3/25,8795.057617,-1
2008/3/26,8767.987305,0
2008/3/27,8605.917969,0
2008/3/28,8623.448242,0
2008/3/31,8572.557617,0
2008/4/1,8419.6875,1
2008/4/2,8605.288086,0
2008/4/3,8596.307617,0
2008/4/7,8729.757813,0
2008/4/8,8672.817383,0
2008/4/9,8667.897461,0
2008/4/10,8829.368164,0
2008/4/11,8909.546875,0
2008/4/14,8892.646484,0
2008/4/15,8924.74707,0
2008/4/16,9066.005859,0
2008/4/17,9090.395508,0
2008/4/18,9074.305664,0
2008/4/21,9083.286133,0
2008/4/22,9037.216797,0
2008/4/23,9008.457031,0
2008/4/24,8990.296875,0
2008/4/25,8947.796875,0
2008/4/28,9079.56543,0
2008/4/29,8891.707031,0
2008/4/30,8919.886719,0
2008/5/2,8963.59668,0
2008/5/5,8837.038086,0
2008/5/6,8857.337891,0
2008/5/7,8926.306641,0
2008/5/8,8866.587891,0
2008/5/9,8792.357422,0
2008/5/12,8830.017578,1
2008/5/13,8989.49707,0
2008/5/14,9018.386719,0
2008/5/15,9157.145508,0
2008/5/16,9197.375977,0
2008/5/19,9295.166016,-1
2008/5/20,9068.855469,0
2008/5/21,9015.537109,0
2008/5/22,9007.99707,0
2008/5/23,8834.698242,0
2008/5/26,8707.797852,0
2008/5/27,8778.357422,0
2008/5/28,8665.698242,0
2008/5/29,8684.887695,0
2008/5/30,8619.047852,0
2008/6/2,8724.4375,0
2008/6/3,8579.397461,0
2008/6/4,8627.767578,0
2008/6/5,8738.427734,0
2008/6/6,8745.317383,0
2008/6/9,8587.927734,0
2008/6/10,8369.967773,0
2008/6/11,8345.557617,0
2008/6/12,8062.279297,0
2008/6/13,8105.559082,0
2008/6/16,8169.739258,0
2008/6/17,8201.757813,0
2008/6/18,8217.547852,0
2008/6/19,8047.709473,0
2008/6/20,7902.409668,0
2008/6/23,7876.460449,0
2008/6/24,7738.091309,0
2008/6/25,7855.030273,0
2008/6/26,7811.770996,0
2008/6/27,7548.730957,0
2008/6/30,7523.511719,0
2008/7/1,7407.952148,0
2008/7/2,7353.832031,0
2008/7/3,7394.072266,0
2008/7/4,7228.382813,0
2008/7/7,7341.082031,-1
2008/7/8,7051.824219,0
2008/7/9,7048.224121,0
2008/7/10,7075.623535,0
2008/7/11,7244.732422,0
2008/7/14,7156.933105,0
2008/7/15,6834.214355,0
2008/7/16,6710.614258,1
2008/7/17,6974.483887,0
2008/7/18,6815.293945,0
2008/7/21,7085.643555,0
2008/7/22,7065.624023,0
2008/7/23,7309.802246,0
2008/7/24,7368.052246,-1
2008/7/25,7233.592773,0
2008/7/29,7014.444336,0
2008/7/30,7070.324219,0
2008/7/31,7024.03418,0
2008/8/1,7002.51416,0
2008/8/4,6977.333984,0
2008/8/5,6813.374023,1
2008/8/6,7026.214355,0
2008/8/7,7024.554199,0
2008/8/8,7209.012695,0
2008/8/11,7325.592285,0
2008/8/12,7293.771973,0
2008/8/13,7292.312012,0
2008/8/14,7326.041992,-1
2008/8/15,7196.472656,0
2008/8/18,7000.714355,0
2008/8/19,6978.574219,0
2008/8/20,7040.874023,0
2008/8/21,6918.454102,0
2008/8/22,6911.614258,0
2008/8/25,7030.694336,0
2008/8/26,6964.574219,0
2008/8/27,7080.943848,0
2008/8/28,7033.344238,0
2008/8/29,7046.083984,0
2008/9/1,6813.063965,0
2008/9/2,6699.793945,0
2008/9/3,6584.905273,0
2008/9/4,6412.605469,0
2008/9/5,6307.255859,1
2008/9/8,6658.664551,-1
2008/9/9,6424.745605,0
2008/9/10,6457.985352,0
2008/9/11,6251.92627,0
2008/9/12,6310.65625,0
2008/9/15,6052.427734,0
2008/9/16,5756.568848,0
2008/9/17,5800.849121,0
2008/9/18,5641.929199,1
2008/9/19,5970.35791,0
2008/9/22,6110.577637,0
2008/9/23,6182.186523,-1
2008/9/24,6132.577637,0
2008/9/25,6060.807617,0
2008/9/26,5929.60791,0
2008/9/30,5719.258789,0
2008/10/1,5763.98877,0
2008/10/2,5703.699219,0
2008/10/3,5742.208984,0
2008/10/6,5505.679688,0
2008/10/7,5524.639648,0
2008/10/8,5206.380371,0
2008/10/9,5130.69043,0
2008/10/13,5020.420898,1
2008/10/14,5291.540527,0
2008/10/15,5246.240234,-1
2008/10/16,5075.951172,0
2008/10/17,4960.380859,0
2008/10/20,4931.821289,0
2008/10/21,4942.70166,0
2008/10/22,4862.571289,0
2008/10/23,4730.492188,0
2008/10/24,4579.603027,0
2008/10/27,4366.854004,1
2008/10/28,4399.954102,0
2008/10/29,4406.503906,0
2008/10/30,4683.623047,0
2008/10/31,4870.641602,0
2008/11/3,4995.041016,-1
2008/11/4,4992.61084,0
2008/11/5,4978.240723,0
2008/11/6,4694.103027,0
2008/11/7,4742.3125,0
2008/11/10,4740.252441,0
2008/11/11,4638.552734,0
2008/11/12,4615.552734,0
2008/11/13,4437.813477,0
2008/11/14,4452.683594,0
2008/11/17,4439.783203,0
2008/11/18,4305.164063,0
2008/11/19,4284.07373,0
2008/11/20,4089.914551,1
2008/11/21,4171.083984,0
2008/11/24,4160.523926,0
2008/11/25,4266.474121,0
2008/11/26,4271.783691,0
2008/11/27,4453.733398,0
2008/11/28,4460.473633,0
2008/12/1,4518.413574,-1
2008/12/2,4356.963867,0
2008/12/3,4307.243652,0
2008/12/4,4254.943848,0
2008/12/5,4225.053711,1
2008/12/8,4418.313965,0
2008/12/9,4472.643555,0
2008/12/10,4658.853027,0
2008/12/11,4655.552734,0
2008/12/12,4481.253418,0
2008/12/15,4613.703125,0
2008/12/16,4616.873047,0
2008/12/17,4648.00293,0
2008/12/18,4694.792969,0
2008/12/19,4694.50293,-1
2008/12/22,4535.522949,0
2008/12/23,4405.84375,0
2008/12/24,4423.07373,0
2008/12/25,4413.434082,1
2008/12/26,4425.063965,0
2008/12/29,4416.144043,0
2008/12/30,4589.022949,0
2008/12/31,4591.203125,0
2009/1/5,4698.292969,0
2009/1/6,4727.242188,0
2009/1/7,4789.821777,-1
2009/1/8,4535.772949,0
2009/1/9,4502.723633,0
2009/1/12,4453.883301,0
2009/1/13,4532.342773,0
2009/1/14,4521.453613,0
2009/1/15,4320.753906,0
2009/1/16,4353.684082,0
2009/1/19,4366.743652,0
2009/1/20,4242.59375,1
2009/1/21,4247.954102,0
2009/2/2,4259.963867,0
2009/2/3,4372.793945,0
2009/2/4,4389.954102,0
2009/2/5,4363.233887,0
2009/2/6,4471.233398,0
2009/2/9,4494.573242,0
2009/2/10,4526.083496,0
2009/2/11,4575.933105,0
2009/2/12,4466.40332,0
2009/2/13,4592.48291,0
2009/2/16,4591.242676,0
2009/2/17,4491.763184,0
2009/2/18,4498.353516,0
2009/2/19,4528.853027,0
2009/2/20,4436.923828,0
2009/2/23,4477.763184,0
2009/2/24,4430.164063,0
2009/2/25,4493.723633,0
2009/2/26,4518.543457,0
2009/2/27,4557.132813,0
2009/3/2,4425.813965,0
2009/3/3,4435.32373,0
2009/3/4,4541.402832,0
2009/3/5,4637.183105,0
2009/3/6,4653.612793,0
2009/3/9,4628.223145,0
2009/3/10,4671.00293,0
2009/3/11,4759.942383,0
2009/3/12,4754.632324,0
2009/3/13,4897.371582,0
2009/3/16,4971.300781,0
2009/3/17,5041.371094,0
2009/3/18,5047.520996,0
2009/3/19,5035.911133,0
2009/3/20,4961.601074,0
2009/3/23,5124.160645,0
2009/3/24,5242.160645,0
2009/3/25,5346.360352,0
2009/3/26,5386.540039,0
2009/3/27,5390.679688,-1
2009/3/30,5206.030273,0
2009/3/31,5210.820313,1
2009/4/2,5473.759277,0
2009/4/3,5529.609375,0
2009/4/6,5556.199707,0
2009/4/7,5576.82959,0
2009/4/8,5443.539551,0
2009/4/9,5667.778809,0
2009/4/10,5781.938965,0
2009/4/13,5857.618164,0
2009/4/14,5892.658203,0
2009/4/15,5875.167969,0
2009/4/16,5997.147461,-1
2009/4/17,5755.358887,0
2009/4/20,5781.63916,0
2009/4/21,5881.388184,0
2009/4/22,5886.087891,0
2009/4/23,5875.218262,0
2009/4/24,5880.748047,0
2009/4/27,5705.028809,0
2009/4/28,5596.708984,0
2009/4/29,5614.039063,1
2009/4/30,5992.547363,0
2009/5/4,6330.375488,0
2009/5/5,6379.915527,0
2009/5/6,6566.675293,0
2009/5/7,6572.845215,0
2009/5/8,6583.845215,0
2009/5/11,6647.474609,-1
2009/5/12,6432.525391,0
2009/5/13,6485.115723,0
2009/5/14,6364.145508,1
2009/5/15,6489.064941,0
2009/5/18,6577.785156,0
2009/5/19,6655.564453,0
2009/5/20,6703.594238,0
2009/5/21,6718.78418,0
2009/5/22,6737.26416,0
2009/5/25,6734.434082,0
2009/5/26,6683.083984,0
2009/5/27,6890.414063,0
2009/6/1,6954.074219,-1
2009/6/2,6949.054199,0
2009/6/3,6893.114258,0
2009/6/4,6786.03418,0
2009/6/5,6767.074219,0
2009/6/8,6627.994629,0
2009/6/9,6414.365723,0
2009/6/10,6462.245605,0
2009/6/11,6567.345215,0
2009/6/12,6448.205566,0
2009/6/15,6225.536621,0
2009/6/16,6220.786621,0
2009/6/17,6195.886719,0
2009/6/18,6144.506348,1
2009/6/19,6231.126465,0
2009/6/22,6341.185547,0
2009/6/23,6197.446777,0
2009/6/24,6380.055664,0
2009/6/25,6457.585449,0
2009/6/26,6463.535645,0
2009/6/29,6391.125488,0
2009/6/30,6432.135742,0
2009/7/1,6578.945313,0
2009/7/2,6667.504395,0
2009/7/3,6665.374512,0
2009/7/6,6649.884766,0
2009/7/7,6715.194336,0
2009/7/8,6668.114746,0
2009/7/9,6748.154297,0
2009/7/10,6769.833984,-1
2009/7/13,6530.794922,1
2009/7/14,6639.384766,0
2009/7/15,6738.574219,0
2009/7/16,6780.273926,0
2009/7/17,6850.964355,0
2009/7/20,6938.833984,0
2009/7/21,6953.313965,0
2009/7/22,6985.293945,0
2009/7/23,6980.854004,0
2009/7/24,6973.253906,0
2009/7/27,7028.404297,0
2009/7/28,7142.603027,-1
2009/7/29,7083.603516,0
2009/7/30,7027.083984,0
2009/7/31,7077.683594,0
2009/8/3,7056.684082,0
2009/8/4,6955.844238,0
2009/8/5,6848.214355,0
2009/8/6,6868.624023,1
2009/8/10,6882.844238,0
2009/8/11,6908.994141,0
2009/8/12,6898.874023,0
2009/8/13,7034.934082,0
2009/8/14,7069.483887,-1
2009/8/17,6931.773926,0
2009/8/18,6789.744141,0
2009/8/19,6788.554199,0
2009/8/20,6733.204102,0
2009/8/21,6654.774414,1
2009/8/24,6838.224121,0
2009/8/25,6809.384277,0
2009/8/26,6719.184082,0
2009/8/27,6690.724121,0
2009/8/28,6809.833984,0
2009/8/31,6825.924316,0
2009/9/1,7019.724121,0
2009/9/2,7039.744141,0
2009/9/3,7104.623535,0
2009/9/4,7153.103027,0
2009/9/7,7224.5625,0
2009/9/8,7313.962402,0
2009/9/9,7250.692383,0
2009/9/10,7332.052246,0
2009/9/11,7337.112305,0
2009/9/14,7256.922363,0
2009/9/15,7346.231934,0
2009/9/16,7440.212402,0
2009/9/17,7477.271973,0
2009/9/18,7526.521484,-1
2009/9/21,7502.432129,0
2009/9/22,7469.001953,0
2009/9/23,7376.731934,0
2009/9/24,7324.192383,0
2009/9/25,7345.192383,0
2009/9/28,7284.582031,1
2009/9/29,7429.952148,0
2009/9/30,7509.14209,0
2009/10/1,7545.26123,0
2009/10/2,7411.852051,0
2009/10/5,7437.952148,0
2009/10/6,7536.021484,0
2009/10/7,7608.631348,0
2009/10/8,7503.282227,0
2009/10/9,7571.931152,0
2009/10/12,7599.851074,0
2009/10/13,7596.571289,0
2009/10/14,7695.721191,0
2009/10/15,7710.371094,0
2009/10/16,7715.071289,0
2009/10/19,7751.291016,0
2009/10/20,7753.491211,0
2009/10/21,7701.471191,0
2009/10/22,7607.901367,0
2009/10/23,7649.250977,0
2009/10/26,7668.371094,-1
2009/10/27,7657.311035,0
2009/10/28,7533.921875,0
2009/10/29,7355.662109,0
2009/10/30,7340.052246,0
2009/11/2,7335.152344,0
2009/11/3,7322.902344,1
2009/11/4,7467.012207,0
2009/11/5,7417.432129,0
2009/11/6,7463.021973,0
2009/11/9,7536.671875,0
2009/11/10,7593.461426,0
2009/11/11,7668.03125,0
2009/11/12,7670.901367,0
2009/11/13,7665.601074,0
2009/11/16,7792.651367,0
2009/11/17,7733.181152,0
2009/11/18,7766.661133,0
2009/11/19,7759.951172,0
2009/11/20,7682.941406,0
2009/11/23,7687.121094,0
2009/11/24,7714.53125,0
2009/11/25,7756.28125,-1
2009/11/26,7739.131348,0
2009/11/27,7490.882324,1
2009/11/30,7582.181152,0
2009/12/1,7649.201172,0
2009/12/2,7677.591309,0
2009/12/3,7684.641113,0
2009/12/4,7650.881348,0
2009/12/7,7775.611328,0
2009/12/8,7768.681152,0
2009/12/9,7797.391113,0
2009/12/10,7677.881348,0
2009/12/11,7795.041016,0
2009/12/14,7819.101074,0
2009/12/15,7807.591309,0
2009/12/16,7751.571289,0
2009/12/17,7742.141113,0
2009/12/18,7753.601074,0
2009/12/21,7787.241211,0
2009/12/22,7855.970215,0
2009/12/23,7901.469727,0
2009/12/24,7963.509766,0
2009/12/25,7972.55957,0
2009/12/28,8057.459473,0
2009/12/29,8053.799316,0
2009/12/30,8112.249023,0
2009/12/31,8188.079102,0
2010/1/4,8207.817383,0
2010/1/5,8211.368164,0
2010/1/6,8327.587891,0
2010/1/7,8237.387695,0
2010/1/8,8280.868164,0
2010/1/11,8323.788086,0
2010/1/12,8309.337891,0
2010/1/13,8196.527344,0
2010/1/14,8289.948242,0
2010/1/15,8356.857422,-1
2010/1/18,8337.788086,0
2010/1/19,8248.967773,0
2010/1/20,8220.897461,0
2010/1/21,8127.839355,0
2010/1/22,7927.279785,0
2010/1/25,7872.960449,0
2010/1/26,7598.78125,0
2010/1/27,7560.000977,0
2010/1/28,7694.55127,0
2010/1/29,7640.411133,0
2010/2/1,7524.641602,0
2010/2/2,7429.582031,0
2010/2/3,7547.951172,0
2010/2/4,7542.011719,0
2010/2/5,7217.802734,0
2010/2/8,7215.852539,1
2010/2/9,7361.012207,0
2010/2/10,7441.812012,0
2010/2/22,7560.01123,0
2010/2/23,7597.411133,0
2010/2/24,7529.641602,0
2010/2/25,7426.932129,0
2010/2/26,7436.072266,0
2010/3/1,7577.721191,0
2010/3/2,7597.591309,0
2010/3/3,7629.491211,0
2010/3/4,7569.770996,0
2010/3/5,7666.230957,0
2010/3/8,7762.241211,0
2010/3/9,7770.561035,0
2010/3/10,7779.05127,0
2010/3/11,7749.631348,0
2010/3/12,7748.30127,0
2010/3/15,7634.891113,0
2010/3/16,7695.601074,0
2010/3/17,7847.810547,0
2010/3/18,7886.30957,0
2010/3/19,7897.879883,0
2010/3/22,7835.950684,0
2010/3/23,7811.841309,0
2010/3/24,7822.680664,0
2010/3/25,7838.070801,0
2010/3/26,7876.830078,0
2010/3/29,7947.419922,0
2010/3/30,7962.189941,0
2010/3/31,7920.029785,0
2010/4/1,8013.059082,0
2010/4/2,8025.899414,0
2010/4/6,8089.619141,0
2010/4/7,8121.749023,0
2010/4/8,8057.569336,0
2010/4/9,8091.999023,0
2010/4/12,8117.719238,0
2010/4/13,8029.699219,0
2010/4/14,8097.099121,0
2010/4/15,8171.90918,-1
2010/4/16,8111.539063,0
2010/4/19,7854.19043,0
2010/4/20,7900.389648,1
2010/4/21,7990.499023,0
2010/4/22,7978.65918,0
2010/4/23,8004.859375,0
2010/4/26,8158.109375,-1
2010/4/27,8146.40918,0
2010/4/28,8081.519043,0
2010/4/29,8054.019043,0
2010/4/30,8004.219238,0
2010/5/3,7952.139648,0
2010/5/4,7930.739746,0
2010/5/5,7696.871094,0
2010/5/6,7579.451172,0
2010/5/7,7567.071289,1
2010/5/10,7664.701172,0
2010/5/11,7608.411133,0
2010/5/12,7602.671387,0
2010/5/13,7770.541016,0
2010/5/14,7772.101074,0
2010/5/17,7598.691406,0
2010/5/18,7585.270996,0
2010/5/19,7559.131348,0
2010/5/20,7424.402344,0
2010/5/21,7237.682617,0
2010/5/24,7322.702148,0
2010/5/25,7086.34375,1
2010/5/26,7167.323242,0
2010/5/27,7243.132813,0
2010/5/28,7295.291992,0
2010/5/31,7373.952148,0
2010/6/1,7289.302246,0
2010/6/2,7195.682617,0
2010/6/3,7360.251953,0
2010/6/4,7344.562012,0
2010/6/7,7157.803223,0
2010/6/8,7151.963379,0
2010/6/9,7071.644043,0
2010/6/10,7181.742676,0
2010/6/11,7299.462402,0
2010/6/14,7387.37207,0
2010/6/15,7454.032227,0
2010/6/17,7515.751465,0
2010/6/18,7493.082031,0
2010/6/21,7635.53125,0
2010/6/22,7612.651367,0
2010/6/23,7582.121094,0
2010/6/24,7589.861328,-1
2010/6/25,7474.682129,0
2010/6/28,7500.762207,0
2010/6/29,7423.541992,0
2010/6/30,7329.342285,0
2010/7/1,7254.032227,0
2010/7/2,7330.712402,1
2010/7/5,7439.932129,0
2010/7/6,7548.451172,0
2010/7/7,7534.431641,0
2010/7/8,7608.821289,0
2010/7/9,7647.221191,0
2010/7/12,7639.520996,0
2010/7/13,7597.391113,0
2010/7/14,7714.480957,0
2010/7/15,7704.491211,0
2010/7/16,7664.541016,0
2010/7/19,7649.80127,0
2010/7/20,7712.000977,0
2010/7/21,7701.26123,0
2010/7/22,7666.311035,0
2010/7/23,7761.191406,0
2010/7/26,7787.421387,0
2010/7/27,7747.980957,0
2010/7/28,7784.78125,0
2010/7/29,7798.961426,0
2010/7/30,7760.601074,0
2010/8/2,7911.649902,0
2010/8/3,7957.499512,0
2010/8/4,7972.629883,0
2010/8/5,7936.819824,0
2010/8/6,7963.269531,0
2010/8/9,8034.459473,0
2010/8/10,7976.709473,0
2010/8/11,7894.999512,0
2010/8/12,7829.760742,0
2010/8/13,7891.549805,0
2010/8/16,7941.189941,0
2010/8/17,7931.05957,0
2010/8/18,7924.069824,0
2010/8/19,7928.909668,0
2010/8/20,7927.279785,0
2010/8/23,7975.899902,-1
2010/8/24,7940.609863,0
2010/8/25,7736.951172,0
2010/8/26,7689.711426,0
2010/8/27,7722.881348,0
2010/8/30,7741.171387,0
2010/8/31,7616.250977,1
2010/9/1,7668.221191,0
2010/9/2,7720.791016,0
2010/9/3,7830.180664,0
2010/9/6,7890.919922,0
2010/9/7,7884.369629,0
2010/9/8,7851.280273,0
2010/9/9,7835.510742,0
2010/9/10,7890.07959,0
2010/9/13,8091.269043,0
2010/9/14,8132.569336,0
2010/9/15,8163.789063,0
2010/9/16,8099.719238,0
2010/9/17,8158.299316,0
2010/9/20,8186.929199,0
2010/9/21,8196.368164,0
2010/9/23,8202.507813,0
2010/9/24,8166.589355,0
2010/9/27,8191.509277,0
2010/9/28,8189.40918,0
2010/9/29,8240.857422,0
2010/9/30,8237.748047,0
2010/10/1,8244.147461,0
2010/10/4,8246.067383,0
2010/10/5,8200.397461,0
2010/10/6,8283.998047,0
2010/10/7,8283.887695,0
2010/10/8,8244.158203,0
2010/10/11,8176.729004,0
2010/10/12,8090.189453,0
2010/10/13,8106.629395,0
2010/10/14,8215.417969,0
2010/10/15,8205.267578,0
2010/10/18,8060.509277,0
2010/10/19,8046.199219,0
2010/10/20,8124.589355,0
2010/10/21,8131.199219,0
2010/10/22,8168.029297,0
2010/10/25,8306.948242,0
2010/10/26,8343.198242,0
2010/10/27,8291.007813,0
2010/10/28,8354.017578,0
2010/10/29,8287.057617,0
2010/11/1,8379.717773,0
2010/11/2,8344.727539,0
2010/11/3,8293.868164,0
2010/11/4,8357.817383,0
2010/11/5,8449.307617,0
2010/11/8,8430.547852,0
2010/11/9,8445.597656,0
2010/11/10,8450.597656,0
2010/11/11,8436.917969,0
2010/11/12,8316.017578,0
2010/11/15,8240.618164,0
2010/11/16,8312.177734,0
2010/11/17,8255.507813,0
2010/11/18,8283.417969,0
2010/11/19,8306.087891,0
2010/11/22,8374.87793,0
2010/11/23,8328.597656,0
2010/11/24,8297.017578,0
2010/11/25,8349.958008,0
2010/11/26,8312.118164,0
2010/11/29,8367.137695,0
2010/11/30,8372.448242,0
2010/12/1,8520.078125,0
2010/12/2,8585.737305,0
2010/12/3,8623.977539,0
2010/12/6,8702.198242,0
2010/12/7,8704.357422,0
2010/12/8,8703.757813,0
2010/12/9,8753.807617,0
2010/12/10,8718.797852,0
2010/12/13,8736.557617,0
2010/12/14,8740.397461,0
2010/12/15,8756.677734,0
2010/12/16,8782.167969,0
2010/12/17,8817.868164,0
2010/12/20,8768.6875,0
2010/12/21,8827.757813,0
2010/12/22,8860.458008,0
2010/12/23,8898.836914,0
2010/12/24,8861.067383,0
2010/12/27,8892.276367,0
2010/12/28,8870.727539,0
2010/12/29,8866.317383,0
2010/12/30,8907.876953,0
2010/12/31,8972.466797,0
2011/1/3,9025.266602,0
2011/1/4,8997.157227,0
2011/1/5,8846.277344,0
2011/1/6,8883.176758,0
2011/1/7,8782.6875,0
2011/1/10,8817.847656,0
2011/1/11,8931.327148,0
2011/1/12,8964.966797,0
2011/1/13,8975.546875,0
2011/1/14,8972.476563,0
2011/1/17,8925.056641,0
2011/1/18,8987.966797,0
2011/1/19,9085.985352,0
2011/1/20,9022.136719,0
2011/1/21,8954.34668,0
2011/1/24,8947.756836,0
2011/1/25,8991.356445,0
2011/1/26,9055.555664,0
2011/1/27,9102.295898,0
2011/1/28,9145.31543,-1
2011/2/8,9111.425781,0
2011/2/9,9006.787109,0
2011/2/10,8836.527344,0
2011/2/11,8609.828125,0
2011/2/14,8685.4375,0
2011/2/15,8721.897461,0
2011/2/16,8712.927734,0
2011/2/17,8683.847656,0
2011/2/18,8843.807617,-1
2011/2/21,8839.1875,0
2011/2/22,8673.637695,0
2011/2/23,8528.908203,0
2011/2/24,8541.607422,1
2011/2/25,8599.618164,0
2011/3/1,8727.527344,0
2011/3/2,8619.868164,0
2011/3/3,8738.337891,0
2011/3/4,8784.368164,0
2011/3/7,8713.757813,0
2011/3/8,8747.717773,0
2011/3/9,8749.987305,0
2011/3/10,8642.868164,0
2011/3/11,8567.788086,0
2011/3/14,8519.987305,0
2011/3/15,8234.748047,1
2011/3/16,8324.547852,0
2011/3/17,8282.658203,0
2011/3/18,8394.717773,0
2011/3/21,8467.677734,0
2011/3/22,8508.007813,0
2011/3/23,8545.047852,0
2011/3/24,8576.368164,0
2011/3/25,8610.357422,0
2011/3/28,8553.027344,0
2011/3/29,8596.538086,0
2011/3/30,8646.277344,0
2011/3/31,8683.267578,0
2011/4/1,8705.097656,0
2011/4/6,8851.948242,0
2011/4/7,8901.686523,0
2011/4/8,8894.506836,0
2011/4/11,8880.236328,0
2011/4/12,8732.557617,0
2011/4/13,8780.167969,0
2011/4/14,8802.698242,0
2011/4/15,8718.087891,0
2011/4/18,8714.448242,0
2011/4/19,8638.517578,0
2011/4/20,8813.248047,0
2011/4/21,8957.617188,0
2011/4/22,8969.396484,0
2011/4/25,8950.716797,0
2011/4/26,8948.106445,0
2011/4/27,9049.216797,0
2011/4/28,9040.736328,0
2011/4/29,9007.836914,0
2011/5/3,8946.046875,0
2011/5/4,8947.316406,0
2011/5/5,9018.577148,0
2011/5/6,8977.197266,0
2011/5/9,9035.447266,0
2011/5/10,9023.24707,0
2011/5/11,9020.367188,0
2011/5/12,9033.646484,0
2011/5/13,9006.577148,0
2011/5/16,8911.676758,0
2011/5/17,8884.056641,0
2011/5/18,8944.806641,0
2011/5/19,8892.84668,0
2011/5/20,8836.998047,0
2011/5/23,8747.477539,0
2011/5/24,8756.578125,0
2011/5/25,8727.057617,0
2011/5/26,8788.368164,0
2011/5/27,8809.967773,0
2011/5/30,8823.647461,0
2011/5/31,8988.806641,0
2011/6/1,9062.31543,0
2011/6/2,8991.327148,0
2011/6/3,9046.24707,-1
2011/6/7,9057.06543,0
2011/6/8,9007.49707,0
2011/6/9,9000.907227,0
2011/6/10,8837.788086,0
2011/6/13,8712.917969,0
2011/6/14,8829.177734,0
2011/6/15,8831.417969,0
2011/6/16,8654.397461,0
2011/6/17,8636.067383,0
2011/6/20,8530.647461,0
2011/6/21,8597.587891,0
2011/6/22,8621.007813,0
2011/6/23,8567.248047,0
2011/6/24,8532.797852,0
2011/6/27,8500.12793,0
2011/6/28,8478.828125,1
2011/6/29,8573.347656,0
2011/6/30,8652.557617,0
2011/7/1,8739.788086,0
2011/7/4,8774.6875,0
2011/7/5,8784.408203,0
2011/7/6,8824.408203,-1
2011/7/7,8773.387695,0
2011/7/8,8749.517578,0
2011/7/11,8665.817383,0
2011/7/12,8490.977539,0
2011/7/13,8488.027344,0
2011/7/14,8481.317383,1
2011/7/15,8574.87793,0
2011/7/18,8538.538086,0
2011/7/19,8524.538086,0
2011/7/20,8706.137695,0
2011/7/21,8717.107422,0
2011/7/22,8765.288086,0
2011/7/25,8683.477539,0
2011/7/26,8794.208008,0
2011/7/27,8817.458008,-1
2011/7/28,8767.167969,0
2011/7/29,8644.147461,0
2011/8/1,8701.347656,0
2011/8/2,8584.6875,0
2011/8/3,8456.828125,0
2011/8/4,8317.237305,0
2011/8/5,7853.100098,0
2011/8/8,7552.770996,0
2011/8/9,7493.092285,1
2011/8/10,7736.291016,0
2011/8/11,7719.061035,0
2011/8/12,7636.991211,0
2011/8/15,7819.361328,-1
2011/8/16,7798.561035,0
2011/8/17,7741.730957,0
2011/8/18,7614.941406,0
2011/8/19,7342.932129,0
2011/8/22,7312.562012,1
2011/8/23,7550.201172,0
2011/8/24,7502.902344,0
2011/8/25,7410.842285,0
2011/8/26,7445.072266,0
2011/8/29,7577.980957,0
2011/8/30,7646.161133,0
2011/8/31,7741.331055,0
2011/9/1,7757.730957,-1
2011/9/2,7757.03125,0
2011/9/5,7551.541016,0
2011/9/6,7367.162109,0
2011/9/7,7528.981445,0
2011/9/8,7548.341309,0
2011/9/9,7610.541016,0
2011/9/13,7391.342285,0
2011/9/14,7228.442871,1
2011/9/15,7385.652344,0
2011/9/16,7577.371094,0
2011/9/19,7480.852051,0
2011/9/20,7492.822266,0
2011/9/21,7535.851563,-1
2011/9/22,7305.472168,0
2011/9/23,7046.194336,0
2011/9/26,6877.094238,1
2011/9/27,7089.923828,0
2011/9/28,7146.953125,0
2011/9/29,7182.58252,0
2011/9/30,7225.352539,0
2011/10/3,7013.944336,0
2011/10/4,7047.844238,0
2011/10/5,6989.124023,0
2011/10/6,7131.973145,0
2011/10/7,7211.932617,0
2011/10/11,7398.682129,0
2011/10/12,7382.322266,0
2011/10/13,7428.302246,0
2011/10/14,7358.052246,0
2011/10/17,7461.092285,0
2011/10/18,7359.452148,0
2011/10/19,7353.342285,0
2011/10/20,7244.29248,0
2011/10/21,7254.481934,0
2011/10/24,7470.271973,0
2011/10/25,7491.182129,0
2011/10/26,7535.791504,0
2011/10/27,7565.181152,0
2011/10/28,7616.03125,0
2011/10/31,7587.661133,0
2011/11/1,7621.980957,0
2011/11/2,7598.421387,0
2011/11/3,7460.282227,0
2011/11/4,7603.201172,-1
2011/11/7,7621.691406,0
2011/11/8,7600.76123,0
2011/11/9,7561.831055,0
2011/11/10,7308.652344,1
2011/11/11,7367.262207,0
2011/11/14,7525.621582,0
2011/11/15,7491.032227,0
2011/11/16,7387.492188,0
2011/11/17,7387.782227,0
2011/11/18,7233.752441,0
2011/11/21,7042.614258,0
2011/11/22,7000.003906,0
2011/11/23,6806.404297,1
2011/11/24,6864.364258,0
2011/11/25,6784.494141,0
2011/11/28,6898.753906,0
2011/11/29,6988.624023,0
2011/11/30,6904.094238,0
2011/12/1,7178.662598,-1
2011/12/2,7140.65332,0
2011/12/5,7098.053711,0
2011/12/6,6956.253906,0
2011/12/7,7032.974121,0
2011/12/8,6982.874023,0
2011/12/9,6893.273926,0
2011/12/12,6949.01416,0
2011/12/13,6896.28418,0
2011/12/14,6922.543945,0
2011/12/15,6764.563965,0
2011/12/16,6785.063965,0
2011/12/19,6633.304688,1
2011/12/20,6662.614746,0
2011/12/21,6966.454102,0
2011/12/22,6966.324219,0
2011/12/23,7110.703613,0
2011/12/26,7092.553711,0
2011/12/27,7085.003418,0
2011/12/28,7056.644043,0
2011/12/29,7074.793945,0
2011/12/30,7072.054199,0
2012/1/3,7053.354004,0
2012/1/4,7082.943848,0
2012/1/5,7130.833008,0
2012/1/6,7120.48291,0
2012/1/9,7093.013672,0
2012/1/10,7178.842773,0
2012/1/11,7188.182617,0
2012/1/12,7186.552734,0
2012/1/13,7181.512695,0
2012/1/16,7103.59375,0
2012/1/17,7221.052734,0
2012/1/18,7233.662598,0
2012/1/30,7407.382324,0
2012/1/31,7517.051758,0
2012/2/1,7549.181152,0
2012/2/2,7652.431152,0
2012/2/3,7674.961426,0
2012/2/6,7687.951172,0
2012/2/7,7707.411133,0
2012/2/8,7869.880371,0
2012/2/9,7910.749512,0
2012/2/10,7862.240234,0
2012/2/13,7912.879883,0
2012/2/14,7884.049805,0
2012/2/15,8005.209473,0
2012/2/16,7869.67041,0
2012/2/17,7894.32959,0
2012/2/20,7954.789551,0
2012/2/21,7921.469727,0
2012/2/22,8001.649414,0
2012/2/23,7937.269531,0
2012/2/24,7959.30957,0
2012/2/29,8121.40918,-1
2012/3/1,8118.309082,0
2012/3/2,8144.009277,0
2012/3/5,8004.709473,0
2012/3/6,7937.939941,0
2012/3/7,7903.049805,0
2012/3/8,7984.529297,0
2012/3/9,8015.979004,0
2012/3/12,7927.519531,0
2012/3/13,8031.479004,0
2012/3/14,8125.229004,0
2012/3/15,8121.589355,0
2012/3/16,8054.90918,0
2012/3/19,8043.88916,0
2012/3/20,7972.669922,0
2012/3/21,7981.90918,0
2012/3/22,8059.90918,0
2012/3/23,8076.579102,0
2012/3/26,7967.589844,0
2012/3/27,8029.429199,0
2012/3/28,8038.039063,0
2012/3/29,7872.630371,0
2012/3/30,7932.969727,0
2012/4/2,7862.870117,0
2012/4/3,7760.821289,0
2012/4/5,7639.791016,0
2012/4/6,7706.230957,0
2012/4/9,7600.841309,0
2012/4/10,7640.651367,0
2012/4/11,7656.641113,0
2012/4/12,7662.891113,0
2012/4/13,7788.241211,0
2012/4/16,7729.831055,0
2012/4/17,7585.841309,0
2012/4/18,7604.971191,0
2012/4/19,7622.661133,0
2012/4/20,7507.12207,0
2012/4/23,7481.062012,0
2012/4/24,7498.812012,0
2012/4/25,7563.151367,0
2012/4/26,7521.321777,0
2012/4/27,7480.472168,0
2012/4/30,7501.692383,0
2012/5/2,7676.78125,0
2012/5/3,7659.500977,0
2012/5/4,7700.921387,0
2012/5/7,7538.051758,0
2012/5/8,7545.681152,0
2012/5/9,7475.682129,0
2012/5/10,7483.981934,0
2012/5/11,7401.342285,0
2012/5/14,7377.152344,0
2012/5/15,7395.612305,0
2012/5/16,7234.54248,0
2012/5/17,7356.742188,0
2012/5/18,7151.163086,0
2012/5/21,7192.202637,0
2012/5/22,7274.862305,0
2012/5/23,7147.723145,-1
2012/5/24,7124.863281,0
2012/5/25,7071.604004,0
2012/5/28,7135.973145,0
2012/5/29,7342.262207,0
2012/5/30,7261.771973,0
2012/5/31,7301.472168,0
2012/6/1,7106.063477,0
2012/6/4,6894.634277,1
2012/6/5,7000.424316,0
2012/6/6,7056.124023,0
2012/6/7,7080.283691,0
2012/6/8,6999.624023,0
2012/6/11,7120.203125,0
2012/6/12,7072.054199,0
2012/6/13,7088.803711,0
2012/6/14,7075.07373,0
2012/6/15,7155.803223,0
2012/6/18,7281.472168,0
2012/6/19,7273.102051,0
2012/6/20,7334.602051,0
2012/6/21,7279.021973,0
2012/6/22,7222.022461,0
2012/6/25,7166.353027,0
2012/6/26,7137.90332,0
2012/6/27,7182.982422,0
2012/6/28,7169.58252,0
2012/6/29,7296.251953,0
2012/7/2,7345.132324,0
2012/7/3,7418.332031,0
2012/7/4,7422.562012,0
2012/7/5,7387.751953,-1
2012/7/6,7368.562012,0
2012/7/9,7309.932129,0
2012/7/10,7251.322266,0
2012/7/11,7257.882324,0
2012/7/12,7130.90332,0
2012/7/13,7104.243652,0
2012/7/16,7090.013672,0
2012/7/17,7126.973145,0
2012/7/18,7049.023926,0
2012/7/19,7148.542969,0
2012/7/20,7164.65332,0
2012/7/23,7028.704102,0
2012/7/24,7008.324219,0
2012/7/25,6979.104004,0
2012/7/26,6970.664063,1
2012/7/27,7124.463379,0
2012/7/30,7158.853027,0
2012/7/31,7270.462402,0
2012/8/1,7267.932129,0
2012/8/3,7217.482422,0
2012/8/6,7286.302246,0
2012/8/7,7295.432129,0
2012/8/8,7319.771973,0
2012/8/9,7433.672363,0
2012/8/10,7441.092285,0
2012/8/13,7436.271973,0
2012/8/14,7479.222168,0
2012/8/15,7467.712402,0
2012/8/16,7490.182129,0
2012/8/17,7467.89209,0
2012/8/20,7431.882324,0
2012/8/21,7506.782227,0
2012/8/22,7496.552246,0
2012/8/23,7505.14209,0
2012/8/24,7477.501953,0
2012/8/27,7468.192383,0
2012/8/28,7361.912109,0
2012/8/29,7391.12207,0
2012/8/30,7371.412109,0
2012/8/31,7397.032227,0
2012/9/3,7450.501953,0
2012/9/4,7451.322266,0
2012/9/5,7367.412109,0
2012/9/6,7326.692383,0
2012/9/7,7424.882324,0
2012/9/10,7482.712402,0
2012/9/11,7485.102051,0
2012/9/12,7570.421387,0
2012/9/13,7578.770996,0
2012/9/14,7738.020996,0
2012/9/17,7762.191406,0
2012/9/18,7734.230957,0
2012/9/19,7781.881348,-1
2012/9/20,7727.520996,0
2012/9/21,7754.561035,0
2012/9/24,7768.270996,0
2012/9/25,7734.101074,0
2012/9/26,7669.601074,0
2012/9/27,7683.770996,0
2012/9/28,7715.131348,0
2012/10/1,7675.691406,0
2012/10/2,7718.651367,0
2012/10/3,7684.601074,0
2012/10/4,7682.311035,0
2012/10/5,7690.621094,0
2012/10/8,7615.861328,0
2012/10/9,7591.980957,0
2012/10/11,7451.692383,0
2012/10/12,7437.012207,0
2012/10/15,7418.87207,0
2012/10/16,7470.992188,0
2012/10/17,7464.37207,0
2012/10/18,7465.382324,0
2012/10/19,7408.731934,0
2012/10/22,7373.012207,0
2012/10/23,7337.452148,0
2012/10/24,7314.852051,0
2012/10/25,7262.052246,0
2012/10/26,7134.033203,0
2012/10/29,7091.643555,1
2012/10/30,7182.5625,0
2012/10/31,7166.022949,0
2012/11/1,7179.612793,0
2012/11/2,7210.442871,0
2012/11/5,7185.33252,0
2012/11/6,7236.652832,0
2012/11/7,7287.152344,0
2012/11/8,7242.602539,0
2012/11/9,7293.192383,0
2012/11/12,7267.722168,0
2012/11/13,7136.022949,0
2012/11/14,7159.723145,0
2012/11/15,7143.812988,0
2012/11/16,7130.042969,0
2012/11/19,7129.013184,0
2012/11/20,7145.743164,0
2012/11/21,7088.463867,0
2012/11/22,7105.733398,0
2012/11/23,7325.981934,0
2012/11/26,7407.342285,0
2012/11/27,7430.172363,0
2012/11/28,7434.902344,0
2012/11/29,7503.521973,0
2012/11/30,7580.141113,0
2012/12/3,7599.881348,0
2012/12/4,7600.951172,0
2012/12/5,7649.020996,0
2012/12/6,7623.230957,0
2012/12/7,7642.230957,0
2012/12/10,7609.471191,0
2012/12/11,7613.661133,0
2012/12/12,7690.161133,0
2012/12/13,7757.061035,0
2012/12/14,7698.741211,0
2012/12/17,7631.250977,0
2012/12/18,7643.711426,0
2012/12/19,7677.441406,0
2012/12/20,7595.431152,0
2012/12/21,7519.901855,0
2012/12/24,7535.491699,0
2012/12/25,7636.541016,0
2012/12/26,7634.161133,0
2012/12/27,7648.381348,0
2012/12/28,7699.471191,0
2013/1/2,7779.191406,0
2013/1/3,7836.810547,0
2013/1/4,7805.961426,0
2013/1/7,7755.061035,0
2013/1/8,7721.631348,0
2013/1/9,7738.611328,0
2013/1/10,7811.611328,0
2013/1/11,7819.121094,0
2013/1/14,7823.940918,0
2013/1/15,7764.991211,0
2013/1/16,7700.401367,0
2013/1/17,7616.611328,1
2013/1/18,7732.841309,0
2013/1/21,7724.891113,0
2013/1/22,7759.071289,0
2013/1/23,7744.151367,0
2013/1/24,7695.961426,0
2013/1/25,7672.55127,0
2013/1/28,7714.641113,0
2013/1/29,7801.971191,0
2013/1/30,7832.950684,0
2013/1/31,7849.990723,0
2013/2/1,7855.94043,0
2013/2/4,7923.129883,0
2013/2/5,7886.909668,0
2013/2/6,7906.619629,0
2013/2/18,7943.499512,0
2013/2/19,7960.849609,0
2013/2/20,8029.069336,0
2013/2/21,7957.429688,0
2013/2/22,7947.689941,0
2013/2/25,7947.649902,0
2013/2/26,7880.869629,0
2013/2/27,7897.949707,0
2013/3/1,7964.599609,0
2013/3/4,7867.310059,0
2013/3/5,7932.679688,0
2013/3/6,7950.269531,0
2013/3/7,7960.479492,0
2013/3/8,8015.109375,0
2013/3/11,8038.689453,-1
2013/3/12,7994.679199,0
2013/3/13,7995.479004,0
2013/3/14,7951.729492,0
2013/3/15,7927.459961,0
2013/3/18,7811.311035,0
2013/3/19,7838.440918,0
2013/3/20,7798.000977,0
2013/3/21,7811.811035,0
2013/3/22,7796.191406,0
2013/3/25,7856.090332,0
2013/3/26,7856.330078,0
2013/3/27,7894.089844,0
2013/3/28,7866.850098,0
2013/3/29,7918.57959,0
2013/4/1,7899.209961,0
2013/4/2,7913.149902,0
2013/4/3,7942.319824,0
2013/4/8,7752.76123,0
2013/4/9,7728.51123,1
2013/4/10,7752.770996,0
2013/4/11,7857.950195,0
2013/4/12,7821.600586,0
2013/4/15,7763.500977,0
2013/4/16,7801.020996,0
2013/4/17,7809.041016,0
2013/4/18,7791.321289,0
2013/4/19,7930.769531,0
2013/4/22,7970.349609,0
2013/4/23,7942.739746,0
2013/4/24,8023.679199,0
2013/4/25,8021.719238,0
2013/4/26,8022.029297,0
2013/4/29,8029.709473,0
2013/4/30,8093.629395,0
2013/5/2,8128.479004,0
2013/5/3,8134.999023,0
2013/5/6,8169.019043,0
2013/5/7,8163.029297,0
2013/5/8,8267.057617,0
2013/5/9,8285.857422,0
2013/5/10,8280.227539,0
2013/5/13,8248.288086,0
2013/5/14,8251.788086,0
2013/5/15,8318.557617,0
2013/5/16,8390.017578,0
2013/5/17,8368.158203,0
2013/5/20,8377.017578,0
2013/5/21,8383.017578,0
2013/5/22,8398.807617,-1
2013/5/23,8237.797852,0
2013/5/24,8209.748047,0
2013/5/27,8280.067383,0
2013/5/28,8263.017578,0
2013/5/29,8337.868164,0
2013/5/30,8243.257813,0
2013/5/31,8254.767578,0
2013/6/3,8200.987305,0
2013/6/4,8191.189453,0
2013/6/5,8181.879395,0
2013/6/6,8096.109375,0
2013/6/7,8095.169434,0
2013/6/10,8160.519043,0
2013/6/11,8116.119141,0
2013/6/13,7951.629883,0
2013/6/14,7937.709961,0
2013/6/17,7992.859375,0
2013/6/18,8010.989258,0
2013/6/19,8007.359375,0
2013/6/20,7898.879883,0
2013/6/21,7793.28125,0
2013/6/24,7758.000977,0
2013/6/25,7663.201172,1
2013/6/26,7784.770996,0
2013/6/27,7883.869629,0
2013/6/28,8062.179199,0
2013/7/1,8035.969238,0
2013/7/2,8015.829102,0
2013/7/3,7911.389648,0
2013/7/4,7893.689941,0
2013/7/5,8001.789063,0
2013/7/8,7886.30957,0
2013/7/9,7971.149902,0
2013/7/10,8011.65918,0
2013/7/11,8179.509277,0
2013/7/12,8220.458008,0
2013/7/15,8254.647461,0
2013/7/16,8260.078125,-1
2013/7/17,8258.917969,0
2013/7/18,8194.847656,0
2013/7/19,8061.999023,0
2013/7/22,8105.419434,0
2013/7/23,8214.618164,0
2013/7/24,8196.158203,0
2013/7/25,8163.549316,0
2013/7/26,8149.369141,0
2013/7/29,8084.469238,0
2013/7/30,8163.519043,0
2013/7/31,8107.90918,0
2013/8/1,8056.189453,0
2013/8/2,8099.849121,0
2013/8/5,8138.599121,0
2013/8/6,8038.879395,0
2013/8/7,7921.259766,0
2013/8/8,7907.639648,0
2013/8/9,7856.110352,0
2013/8/12,7903.349609,0
2013/8/13,7986.239258,0
2013/8/14,7951.299805,0
2013/8/15,7887.229492,0
2013/8/16,7924.969727,0
2013/8/19,7900.179688,0
2013/8/20,7832.620605,0
2013/8/22,7814.351074,1
2013/8/23,7873.280273,0
2013/8/26,7894.939941,0
2013/8/27,7820.810547,0
2013/8/28,7824.510742,0
2013/8/29,7917.629883,0
2013/8/30,8021.859375,0
2013/9/2,8038.829102,0
2013/9/3,8088.339355,0
2013/9/4,8083.40918,0
2013/9/5,8169.069336,0
2013/9/6,8164.169434,0
2013/9/9,8192.078125,0
2013/9/10,8208.737305,0
2013/9/11,8208.958008,0
2013/9/12,8225.328125,0
2013/9/13,8168.169434,0
2013/9/16,8255.307617,0
2013/9/17,8249.748047,0
2013/9/18,8209.147461,0
2013/9/23,8292.797852,0
2013/9/24,8299.087891,0
2013/9/25,8283.868164,0
2013/9/26,8184.649414,0
2013/9/27,8230.647461,0
2013/9/30,8173.839355,0
2013/10/1,8186.989258,0
2013/10/2,8216.487305,0
2013/10/3,8358.987305,0
2013/10/4,8364.517578,0
2013/10/7,8333.62793,0
2013/10/8,8375.618164,0
2013/10/9,8344.698242,0
2013/10/11,8349.337891,0
2013/10/14,8273.927734,0
2013/10/15,8367.847656,0
2013/10/16,8332.147461,0
2013/10/17,8374.647461,0
2013/10/18,8441.158203,-1
2013/10/21,8419.288086,0
2013/10/22,8418.237305,0
2013/10/23,8393.587891,0
2013/10/24,8413.6875,0
2013/10/25,8346.587891,0
2013/10/28,8407.797852,0
2013/10/29,8420.948242,0
2013/10/30,8465.027344,0
2013/10/31,8450.027344,0
2013/11/1,8388.147461,0
2013/11/4,8354.107422,0
2013/11/5,8262.167969,0
2013/11/6,8281.9375,0
2013/11/7,8283.677734,0
2013/11/8,8229.557617,0
2013/11/11,8182.529297,0
2013/11/12,8195.227539,0
2013/11/13,8104.229004,1
2013/11/14,8134.879395,0
2013/11/15,8177.089355,0
2013/11/18,8191.429199,0
2013/11/19,8260.177734,0
2013/11/20,8204.427734,0
2013/11/21,8099.419434,0
2013/11/22,8116.749023,0
2013/11/25,8187.479004,0
2013/11/26,8247.987305,0
2013/11/27,8295.847656,0
2013/11/28,8362.397461,0
2013/11/29,8406.797852,0
2013/12/2,8414.578125,0
2013/12/3,8392.517578,0
2013/12/4,8417.967773,0
2013/12/5,8375.507813,0
2013/12/6,8367.6875,0
2013/12/9,8444.587891,0
2013/12/10,8443.357422,0
2013/12/11,8433.737305,0
2013/12/12,8361.297852,0
2013/12/13,8376.908203,0
2013/12/16,8313.837891,0
2013/12/17,8352.897461,0
2013/12/18,8349.007813,0
2013/12/19,8407.368164,0
2013/12/20,8408.498047,0
2013/12/23,8456.427734,0
2013/12/24,8450.458008,0
2013/12/25,8467.727539,0
2013/12/26,8485.857422,0
2013/12/27,8535.007813,0
2013/12/30,8623.397461,0
2013/12/31,8611.477539,0
2014/1/2,8612.507813,0
2014/1/3,8546.507813,0
2014/1/6,8499.977539,0
2014/1/7,8512.267578,0
2014/1/8,8555.977539,0
2014/1/9,8514.647461,0
2014/1/10,8529.317383,0
2014/1/13,8566.167969,0
2014/1/14,8548.107422,0
2014/1/15,8602.517578,0
2014/1/16,8612.078125,0
2014/1/17,8595.967773,0
2014/1/20,8621.527344,0
2014/1/21,8599.868164,0
2014/1/22,8625.267578,-1
2014/1/23,8595.067383,0
2014/1/24,8598.277344,0
2014/1/27,8462.538086,0
2014/2/5,8264.448242,1
2014/2/6,8310.977539,0
2014/2/7,8387.317383,0
2014/2/10,8391.917969,0
2014/2/11,8430.527344,0
2014/2/12,8510.837891,0
2014/2/13,8467.667969,0
2014/2/14,8513.647461,0
2014/2/17,8519.517578,0
2014/2/18,8556.198242,0
2014/2/19,8576.977539,0
2014/2/20,8524.587891,0
2014/2/21,8601.828125,0
2014/2/24,8560.578125,0
2014/2/25,8575.587891,0
2014/2/26,8600.828125,0
2014/2/27,8639.547852,0
2014/3/3,8601.948242,0
2014/3/4,8554.507813,0
2014/3/5,8632.897461,0
2014/3/6,8713.757813,0
2014/3/7,8713.927734,0
2014/3/10,8665.208008,0
2014/3/11,8702.297852,0
2014/3/12,8684.698242,0
2014/3/13,8747.757813,0
2014/3/14,8687.597656,0
2014/3/17,8700.067383,0
2014/3/18,8731.908203,0
2014/3/19,8689.427734,0
2014/3/20,8597.297852,0
2014/3/21,8577.137695,0
2014/3/24,8605.347656,0
2014/3/25,8689.267578,0
2014/3/26,8737.237305,0
2014/3/27,8779.538086,0
2014/3/28,8774.607422,0
2014/3/31,8849.248047,0
2014/4/1,8873.118164,0
2014/4/2,8905.416992,0
2014/4/3,8888.506836,0
2014/4/7,8876.407227,0
2014/4/8,8888.216797,0
2014/4/9,8930.537109,0
2014/4/10,8948.066406,0
2014/4/11,8908.016602,0
2014/4/14,8857.387695,0
2014/4/15,8916.676758,0
2014/4/16,8923.787109,0
2014/4/17,8944.126953,0
2014/4/18,8966.626953,0
2014/4/21,8951.157227,0
2014/4/22,8974.676758,0
2014/4/23,8956.886719,0
2014/4/24,8945.416992,0
2014/4/25,8774.087891,0
2014/4/28,8809.677734,0
2014/4/29,8872.078125,0
2014/4/30,8791.408203,0
2014/5/2,8867.288086,0
2014/5/5,8870.397461,0
2014/5/6,8912.356445,0
2014/5/7,8893.186523,0
2014/5/8,8930.867188,0
2014/5/9,8889.657227,0
2014/5/12,8808.578125,0
2014/5/13,8817.908203,0
2014/5/14,8875.126953,0
2014/5/15,8880.617188,0
2014/5/16,8888.416992,0
2014/5/19,8899.867188,0
2014/5/20,8887.756836,0
2014/5/21,8862.387695,0
2014/5/22,8969.59668,0
2014/5/23,9008.186523,0
2014/5/26,9036.086914,0
2014/5/27,9055.255859,0
2014/5/28,9121.675781,0
2014/5/29,9108.96582,0
2014/5/30,9075.875977,0
2014/6/3,9123.425781,0
2014/6/4,9119.925781,0
2014/6/5,9140.685547,0
2014/6/6,9134.425781,0
2014/6/9,9162.706055,0
2014/6/10,9222.335938,0
2014/6/11,9229.765625,0
2014/6/12,9204.616211,0
2014/6/13,9196.355469,0
2014/6/16,9202.895508,0
2014/6/17,9240.56543,0
2014/6/18,9279.895508,0
2014/6/19,9316.775391,0
2014/6/20,9273.755859,0
2014/6/23,9228.31543,0
2014/6/24,9246.166016,0
2014/6/25,9242.125977,0
2014/6/26,9320.90625,0
2014/6/27,9306.795898,0
2014/6/30,9393.036133,0
2014/7/1,9441.885742,0
2014/7/2,9484.924805,0
2014/7/3,9526.195313,0
2014/7/4,9510.014648,0
2014/7/7,9520.165039,0
2014/7/8,9530.945313,0
2014/7/9,9489.945313,0
2014/7/10,9565.083984,-1
2014/7/11,9495.804688,0
2014/7/14,9520.264648,0
2014/7/15,9569.133789,0
2014/7/16,9484.695313,0
2014/7/17,9408.206055,0
2014/7/18,9400.935547,0
2014/7/21,9440.935547,0
2014/7/22,9499.325195,0
2014/7/23,9499.325195,0
2014/7/24,9527.504883,0
2014/7/25,9439.255859,0
2014/7/28,9420.145508,0
2014/7/29,9391.845703,0
2014/7/30,9446.985352,0
2014/7/31,9315.81543,0
2014/8/1,9266.475586,0
2014/8/4,9330.15625,0
2014/8/5,9141.40625,0
2014/8/6,9143.935547,0
2014/8/7,9131.40625,0
2014/8/8,9085.925781,1
2014/8/11,9172.875977,0
2014/8/12,9163.085938,0
2014/8/13,9231.275391,0
2014/8/14,9230.576172,0
2014/8/15,9206.775391,0
2014/8/18,9141.275391,0
2014/8/19,9243.746094,0
2014/8/20,9288.015625,0
2014/8/21,9253.345703,0
2014/8/22,9380.06543,0
2014/8/25,9390.585938,0
2014/8/26,9393.925781,0
2014/8/27,9485.554688,0
2014/8/28,9478.334961,0
2014/8/29,9436.235352,0
2014/9/1,9513.024414,0
2014/9/2,9399.685547,0
2014/9/3,9450.31543,-1
2014/9/4,9428.855469,0
2014/9/5,9407.90625,0
2014/9/9,9434.735352,0
2014/9/10,9357.576172,0
2014/9/11,9322.916016,0
2014/9/12,9223.145508,0
2014/9/15,9217.425781,0
2014/9/16,9133.366211,0
2014/9/17,9195.135742,0
2014/9/18,9236.996094,0
2014/9/19,9240.416016,0
2014/9/22,9134.616211,0
2014/9/23,9084.866211,0
2014/9/24,9098.456055,0
2014/9/25,9011.556641,0
2014/9/26,8989.787109,0
2014/9/29,8960.726563,0
2014/9/30,8966.886719,0
2014/10/1,8990.226563,0
2014/10/2,8975.157227,0
2014/10/3,9106.246094,0
2014/10/6,9095.105469,0
2014/10/7,9040.776367,0
2014/10/8,8955.146484,0
2014/10/9,8966.407227,0
2014/10/13,8711.357422,0
2014/10/14,8768.357422,0
2014/10/15,8655.477539,0
2014/10/16,8633.658203,0
2014/10/17,8512.847656,1
2014/10/20,8663.107422,0
2014/10/21,8654.607422,0
2014/10/22,8748.797852,0
2014/10/23,8731.038086,0
2014/10/24,8645.977539,0
2014/10/27,8627.748047,0
2014/10/28,8773.517578,0
2014/10/29,8903.646484,0
2014/10/30,8888.037109,0
2014/10/31,8974.726563,0
2014/11/3,9004.827148,0
2014/11/4,8989.146484,0
2014/11/5,8962.566406,0
2014/11/6,8890.986328,0
2014/11/7,8912.586914,0
2014/11/10,9049.947266,0
2014/11/11,9034.106445,0
2014/11/12,8918.916992,0
2014/11/13,8980.636719,0
2014/11/14,8982.84668,0
2014/11/17,8884.356445,0
2014/11/18,8859.038086,0
2014/11/19,8963.207031,0
2014/11/20,9078.835938,0
2014/11/21,9091.496094,0
2014/11/24,9122.295898,0
2014/11/25,9116.206055,0
2014/11/26,9122.355469,0
2014/11/27,9165.275391,0
2014/11/28,9187.116211,0
2014/12/1,9117.675781,0
2014/12/2,9034.756836,-1
2014/12/3,9175.225586,0
2014/12/4,9225.076172,0
2014/12/5,9206.536133,0
2014/12/8,9187.255859,0
2014/12/9,9128.866211,0
2014/12/10,9032.126953,0
2014/12/11,9013.037109,0
2014/12/12,9027.296875,0
2014/12/15,8985.59668,0
2014/12/16,8950.876953,0
2014/12/17,8828.328125,1
2014/12/18,8878.59668,0
2014/12/19,8999.486328,0
2014/12/22,9094.96582,0
2014/12/23,9097.675781,0
2014/12/24,9186.145508,0
2014/12/25,9158.666016,0
2014/12/26,9214.036133,0
2014/12/29,9286.246094,0
2014/12/30,9268.395508,0
2014/12/31,9307.225586,0
2015/1/5,9274.076172,0
2015/1/6,9048.306641,0
2015/1/7,9080.055664,0
2015/1/8,9237.996094,0
2015/1/9,9215.545898,0
2015/1/12,9178.265625,0
2015/1/13,9231.765625,0
2015/1/14,9180.196289,0
2015/1/15,9165.055664,0
2015/1/16,9138.255859,0
2015/1/19,9174.025391,0
2015/1/20,9251.65625,0
2015/1/21,9319.675781,0
2015/1/22,9369.475586,0
2015/1/23,9470.905273,0
2015/1/26,9477.634766,0
2015/1/27,9521.554688,0
2015/1/28,9510.884766,0
2015/1/29,9426.866211,0
2015/1/30,9361.875977,0
2015/2/2,9386.956055,0
2015/2/3,9448.696289,0
2015/2/4,9513.884766,0
2015/2/5,9512.014648,0
2015/2/6,9456.144531,0
2015/2/9,9421.46582,0
2015/2/10,9393.666016,0
2015/2/11,9462.18457,0
2015/2/12,9496.274414,0
2015/2/13,9529.474609,0
2015/2/24,9629.333984,0
2015/2/25,9699.50293,0
2015/2/26,9622.063477,0
2015/3/2,9601.324219,0
2015/3/3,9605.733398,0
2015/3/4,9621.694336,0
2015/3/5,9595.053711,0
2015/3/6,9645.733398,0
2015/3/9,9562.944336,0
2015/3/10,9536.495117,0
2015/3/11,9523.144531,0
2015/3/12,9595.963867,0
2015/3/13,9579.313477,0
2015/3/16,9512.875,0
2015/3/17,9539.405273,0
2015/3/18,9653.393555,0
2015/3/19,9736.693359,0
2015/3/20,9749.65332,0
2015/3/23,9758.052734,0
2015/3/24,9731.623047,0
2015/3/25,9667.793945,0
2015/3/26,9619.083984,0
2015/3/27,9503.68457,0
2015/3/30,9521.834961,0
2015/3/31,9586.404297,0
2015/4/1,9507.625,0
2015/4/2,9600.28418,0
2015/4/7,9641.864258,0
2015/4/8,9571.933594,0
2015/4/9,9568.003906,0
2015/4/10,9617.664063,0
2015/4/13,9666.483398,0
2015/4/14,9642.183594,0
2015/4/15,9540.024414,0
2015/4/16,9656.833984,0
2015/4/17,9570.893555,0
2015/4/20,9552.814453,0
2015/4/21,9533.945313,0
2015/4/22,9612.963867,0
2015/4/23,9797.453125,0
2015/4/24,9913.243164,0
2015/4/27,9973.082031,-1
2015/4/28,9956.791992,0
2015/4/29,9853.792969,0
2015/4/30,9820.012695,0
2015/5/4,9845.00293,0
2015/5/5,9820.092773,0
2015/5/6,9818.163086,0
2015/5/7,9704.073242,0
2015/5/8,9691.962891,0
2015/5/11,9663.683594,0
2015/5/12,9680.694336,0
2015/5/13,9724.073242,0
2015/5/14,9610.793945,0
2015/5/15,9579.444336,0
2015/5/18,9606.063477,0
2015/5/19,9716.732422,0
2015/5/20,9685.272461,0
2015/5/21,9578.523438,0
2015/5/22,9638.763672,0
2015/5/25,9645.133789,0
2015/5/26,9669.374023,0
2015/5/27,9693.50293,0
2015/5/28,9712.802734,0
2015/5/29,9701.033203,0
2015/6/1,9625.654297,0
2015/6/2,9614.223633,0
2015/6/3,9556.484375,0
2015/6/4,9348.595703,0
2015/6/5,9340.095703,0
2015/6/8,9368.395508,0
2015/6/9,9191.835938,1
2015/6/10,9298.46582,0
2015/6/11,9302.456055,0
2015/6/12,9301.895508,0
2015/6/15,9259.446289,0
2015/6/16,9212.746094,0
2015/6/17,9189.795898,0
2015/6/18,9218.335938,0
2015/6/22,9341.735352,0
2015/6/23,9391.105469,0
2015/6/24,9397.275391,0
2015/6/25,9476.304688,-1
2015/6/26,9462.535156,0
2015/6/29,9236.06543,0
2015/6/30,9322.985352,0
2015/7/1,9375.196289,0
2015/7/2,9379.206055,0
2015/7/3,9358.196289,0
2015/7/6,9255.925781,0
2015/7/7,9250.125977,0
2015/7/8,8976.077148,0
2015/7/9,8914.09668,0
2015/7/13,9033.886719,0
2015/7/14,9041.726563,0
2015/7/15,9054.166992,0
2015/7/16,9042.176758,0
2015/7/17,9045.947266,0
2015/7/20,8974.966797,0
2015/7/21,9005.926758,0
2015/7/22,8918.666992,0
2015/7/23,8791.087891,0
2015/7/24,8767.828125,0
2015/7/27,8556.647461,0
2015/7/28,8582.458008,0
2015/7/29,8563.448242,0
2015/7/30,8651.458008,0
2015/7/31,8665.307617,0
2015/8/3,8524.37793,0
2015/8/4,8510.828125,0
2015/8/5,8542.237305,0
2015/8/6,8449.527344,0
2015/8/7,8442.257813,0
2015/8/10,8466.807617,0
2015/8/11,8394.107422,0
2015/8/12,8283.347656,0
2015/8/13,8311.708008,0
2015/8/14,8305.607422,0
2015/8/17,8213.387695,0
2015/8/18,8177.189453,0
2015/8/19,8021.809082,0
2015/8/20,8029.779297,0
2015/8/21,7786.891113,0
2015/8/24,7410.312012,1
2015/8/25,7675.611328,0
2015/8/26,7715.561035,0
2015/8/27,7824.520508,0
2015/8/28,8019.149414,0
2015/8/31,8174.88916,0
2015/9/1,8017.529297,0
2015/9/2,8035.259277,0
2015/9/3,8095.919434,0
2015/9/4,8000.569336,0
2015/9/7,7986.529297,0
2015/9/8,8001.469238,0
2015/9/9,8286.887695,0
2015/9/10,8268.647461,0
2015/9/11,8305.788086,0
2015/9/14,8307.257813,0
2015/9/15,8259.958008,0
2015/9/16,8333.257813,0
2015/9/17,8445.467773,0
2015/9/18,8462.107422,-1
2015/9/21,8307.007813,0
2015/9/22,8365.887695,0
2015/9/23,8193.387695,0
2015/9/24,8123.069336,1
2015/9/25,8132.319336,0
2015/9/30,8181.209473,0
2015/10/1,8295.908203,0
2015/10/2,8304.998047,0
2015/10/5,8352.328125,0
2015/10/6,8394.067383,0
2015/10/7,8495.198242,0
2015/10/8,8445.927734,0
2015/10/12,8573.6875,0
2015/10/13,8567.887695,0
2015/10/14,8522.477539,0
2015/10/15,8601.487305,0
2015/10/16,8604.917969,0
2015/10/19,8631.467773,0
2015/10/20,8653.567383,0
2015/10/21,8609.198242,0
2015/10/22,8608.427734,0
2015/10/23,8673.777344,0
2015/10/26,8745.328125,0
2015/10/27,8701.288086,0
2015/10/28,8665.958008,0
2015/10/29,8571.047852,0
2015/10/30,8554.277344,0
2015/11/2,8614.737305,0
2015/11/3,8713.158203,0
2015/11/4,8856.987305,-1
2015/11/5,8850.147461,0
2015/11/6,8693.538086,0
2015/11/9,8642.448242,0
2015/11/10,8536.868164,0
2015/11/11,8414.977539,0
2015/11/12,8428.057617,0
2015/11/13,8329.467773,0
2015/11/16,8295.368164,0
2015/11/17,8419.387695,0
2015/11/18,8340.4375,0
2015/11/19,8477.167969,0
2015/11/20,8465.417969,0
2015/11/23,8485.698242,0
2015/11/24,8400.107422,0
2015/11/25,8386.097656,0
2015/11/26,8484.868164,0
2015/11/27,8398.368164,0
2015/11/30,8320.578125,0
2015/12/1,8463.267578,0
2015/12/2,8457.368164,0
2015/12/3,8456.027344,0
2015/12/4,8398.567383,0
2015/12/7,8454.237305,0
2015/12/8,8343.828125,0
2015/12/9,8229.587891,0
2015/12/10,8216.137695,0
2015/12/11,8115.859375,0
2015/12/14,8040.129395,1
2015/12/15,8073.319336,0
2015/12/16,8184.629395,0
2015/12/17,8319.637695,0
2015/12/18,8257.288086,0
2015/12/21,8282.137695,0
2015/12/22,8292.708008,0
2015/12/23,8315.667969,0
2015/12/24,8324.328125,0
2015/12/25,8363.248047,0
2015/12/28,8358.458008,0
2015/12/29,8293.87793,0
2015/12/30,8279.958008,0
2015/12/31,8338.027344,0
2016/1/4,8114.229004,0
2016/1/5,8075.079102,0
2016/1/6,7990.359375,0
2016/1/7,7852.030273,0
2016/1/8,7893.939941,0
2016/1/11,7788.391113,0
2016/1/12,7768.421387,0
2016/1/13,7824.580566,0
2016/1/14,7742.851074,0
2016/1/15,7761.980957,0
2016/1/18,7811.151367,0
2016/1/19,7854.850098,0
2016/1/20,7699.091309,0
2016/1/21,7663.980957,1
2016/1/22,7756.151367,0
2016/1/25,7894.119629,0
2016/1/26,7828.640625,0
2016/1/27,7849.800781,0
2016/1/28,7905.069824,0
2016/1/29,8080.569336,0
2016/2/1,8156.929199,0
2016/2/2,8131.209473,0
2016/2/3,8062.972168,0
2016/2/15,8066.491211,0
2016/2/16,8212.050781,0
2016/2/17,8214.230469,0
2016/2/18,8314.650391,0
2016/2/19,8325.020508,0
2016/2/22,8326.660156,0
2016/2/23,8334.620117,0
2016/2/24,8282.84082,0
2016/2/25,8365.84082,0
2016/2/26,8411.140625,0
2016/3/1,8485.670898,0
2016/3/2,8544.030273,0
2016/3/3,8611.770508,0
2016/3/4,8643.530273,0
2016/3/7,8659.530273,0
2016/3/8,8664.290039,0
2016/3/9,8634.09082,0
2016/3/10,8660.680664,0
2016/3/11,8706.120117,0
2016/3/14,8747.880859,0
2016/3/15,8611.160156,0
2016/3/16,8699.120117,0
2016/3/17,8734.520508,0
2016/3/18,8810.69043,0
2016/3/21,8812.680664,-1
2016/3/22,8785.660156,0
2016/3/23,8766.070313,0
2016/3/24,8743.360352,0
2016/3/25,8704.950195,0
2016/3/28,8690.430664,0
2016/3/29,8617.330078,0
2016/3/30,8737.020508,0
2016/3/31,8744.810547,0
2016/4/1,8657.530273,0
2016/4/6,8513.280273,0
2016/4/7,8490.230469,0
2016/4/8,8541.480469,0
2016/4/11,8562.570313,0
2016/4/12,8531.160156,0
2016/4/13,8652.060547,0
2016/4/14,8667.69043,0
2016/4/15,8700.370117,-1
2016/4/18,8665.990234,0
2016/4/19,8633.700195,0
2016/4/20,8514.460938,0
2016/4/21,8568.630859,0
2016/4/22,8535.730469,0
2016/4/25,8560.260742,0
2016/4/26,8581.550781,0
2016/4/27,8563.030273,0
2016/4/28,8473.850586,0
2016/4/29,8377.880859,0
2016/5/3,8294.100586,0
2016/5/4,8185.45166,0
2016/5/5,8167.941406,0
2016/5/6,8146.411621,0
2016/5/9,8131.811523,0
2016/5/10,8156.271484,0
2016/5/11,8135.541504,0
2016/5/12,8108.03125,0
2016/5/13,8053.671387,1
2016/5/16,8067.581543,0
2016/5/17,8140.461426,0
2016/5/18,8159.661621,0
2016/5/19,8095.961426,0
2016/5/20,8131.241211,0
2016/5/23,8344.420898,0
2016/5/24,8300.640625,0
2016/5/25,8396.180664,0
2016/5/26,8394.100586,0
2016/5/27,8463.59082,0
2016/5/30,8535.850586,0
2016/5/31,8535.570313,0
2016/6/1,8597.140625,0
2016/6/2,8556,0
2016/6/3,8587.34082,0
2016/6/6,8597.09082,0
2016/6/7,8679.880859,0
2016/6/8,8715.460938,-1
2016/6/13,8536.207031,0
2016/6/14,8576.107422,0
2016/6/15,8606.357422,0
2016/6/16,8494.126953,0
2016/6/17,8568.067383,0
2016/6/20,8625.907227,0
2016/6/21,8684.836914,0
2016/6/22,8716.237305,0
2016/6/23,8676.666992,0
2016/6/24,8476.977539,0
2016/6/27,8458.857422,1
2016/6/28,8505.49707,0
2016/6/29,8586.546875,0
2016/6/30,8666.567383,0
2016/7/1,8738.227539,0
2016/7/4,8760.567383,0
2016/7/5,8716.057617,0
2016/7/6,8575.737305,0
2016/7/7,8640.897461,0
2016/7/8,8640.897461,0
2016/7/11,8786.457031,0
2016/7/12,8841.447266,0
2016/7/13,8857.737305,0
2016/7/14,8866.347656,0
2016/7/15,8949.835938,0
2016/7/18,9008.196289,0
2016/7/19,9034.856445,0
2016/7/20,9007.666016,0
2016/7/21,9056.545898,0
2016/7/22,9013.125977,0
2016/7/25,8991.65625,0
2016/7/26,9024.776367,0
2016/7/27,9063.375977,0
2016/7/28,9076.625977,0
2016/7/29,8984.396484,0
2016/8/1,9080.696289,0
2016/8/2,9068.746094,0
2016/8/3,9001.696289,0
2016/8/4,9024.696289,0
2016/8/5,9092.106445,0
2016/8/8,9150.246094,0
2016/8/9,9155.066406,0
2016/8/10,9200.40625,0
2016/8/11,9131.816406,0
2016/8/12,9150.375977,0
2016/8/15,9148.496094,0
2016/8/16,9110.34668,0
2016/8/17,9117.686523,0
2016/8/18,9122.486328,0
2016/8/19,9034.255859,0
2016/8/22,8981.795898,0
2016/8/23,9030.916016,0
2016/8/24,9017.366211,0
2016/8/25,9115.456055,0
2016/8/26,9131.706055,0
2016/8/29,9110.15625,0
2016/8/30,9110.545898,0
2016/8/31,9068.836914,0
2016/9/1,9001.137695,0
2016/9/2,8987.537109,0
2016/9/5,9090.117188,0
2016/9/6,9181.836914,0
2016/9/7,9259.057617,0
2016/9/8,9262.876953,-1
2016/9/9,9164.867188,0
2016/9/12,8947.046875,0
2016/9/13,8940.817383,0
2016/9/14,8902.287109,1
2016/9/19,9152.867188,0
2016/9/20,9161.567383,0
2016/9/21,9228.487305,0
2016/9/22,9235.24707,0
2016/9/23,9284.607422,0
2016/9/26,9194.506836,0
2016/9/29,9270.887695,0
2016/9/30,9166.836914,0
2016/10/3,9234.1875,0
2016/10/4,9287.756836,0
2016/10/5,9272.267578,0
2016/10/6,9284.296875,0
2016/10/7,9265.796875,0
2016/10/11,9219.807617,0
2016/10/12,9252.586914,0
2016/10/13,9219.157227,0
2016/10/14,9165.157227,0
2016/10/17,9176.207031,0
2016/10/18,9222.567383,0
2016/10/19,9283.977539,0
2016/10/20,9317.227539,0
2016/10/21,9306.557617,0
2016/10/24,9322.487305,-1
2016/10/25,9385.637695,0
2016/10/26,9362.237305,0
2016/10/27,9299.537109,0
2016/10/28,9306.907227,0
2016/10/31,9290.107422,0
2016/11/1,9272.6875,0
2016/11/2,9139.027344,0
2016/11/3,9067.256836,0
2016/11/4,9068.137695,0
2016/11/7,9189.827148,0
2016/11/8,9217.416992,0
2016/11/9,8943.1875,0
2016/11/10,9152.166992,0
2016/11/11,8957.74707,0
2016/11/14,8940.387695,0
2016/11/15,8931.017578,0
2016/11/16,8962.207031,1
2016/11/17,8995.24707,0
2016/11/18,9008.777344,0
2016/11/21,9041.097656,0
2016/11/22,9133.376953,0
2016/11/23,9178.217773,0
2016/11/24,9152.097656,0
2016/11/25,9159.057617,0
2016/11/28,9222.227539,0
2016/11/29,9192.373047,0
2016/11/30,9240.703125,0
2016/12/1,9263.523438,0
2016/12/2,9189.483398,0
2016/12/5,9160.65332,0
2016/12/6,9250.762695,0
2016/12/7,9263.882813,0
2016/12/8,9375.853516,0
2016/12/9,9392.672852,0
2016/12/12,9349.933594,0
2016/12/13,9382.132813,0
2016/12/14,9368.512695,0
2016/12/15,9360.342773,0
2016/12/16,9326.773438,0
2016/12/19,9239.313477,0
2016/12/20,9242.40332,0
2016/12/21,9204.25293,0
2016/12/22,9118.743164,0
2016/12/23,9078.632813,0
2016/12/26,9110.533203,0
2016/12/27,9109.262695,0
2016/12/28,9201.393555,0
2016/12/29,9153.083008,0
2016/12/30,9253.493164,0
2017/1/3,9272.873047,0
2017/1/4,9286.953125,0
2017/1/5,9358.132813,0
2017/1/6,9372.212891,0
2017/1/9,9342.413086,0
2017/1/10,9349.632813,0
2017/1/11,9345.733398,0
2017/1/12,9410.172852,0
2017/1/13,9378.823242,0
2017/1/16,9292.323242,0
2017/1/17,9354.523438,0
2017/1/18,9341.962891,0
2017/1/19,9318.113281,0
2017/1/20,9331.453125,0
2017/1/23,9424.042969,0
2017/1/24,9447.943359,0
2017/2/2,9428.962891,0
2017/2/3,9455.552734,0
2017/2/6,9538.00293,0
2017/2/7,9554.552734,0
2017/2/8,9543.243164,0
2017/2/9,9590.172852,0
2017/2/10,9665.583008,0
2017/2/13,9710.313477,0
2017/2/14,9718.773438,0
2017/2/15,9799.75293,0
2017/2/16,9771.243164,0
2017/2/17,9759.75293,0
2017/2/20,9753.193359,0
2017/2/21,9763.922852,0
2017/2/22,9778.773438,0
2017/2/23,9769.302734,0
2017/2/24,9750.462891,0
2017/3/1,9674.773438,0
2017/3/2,9691.792969,0
2017/3/3,9648.203125,0
2017/3/6,9682.623047,0
2017/3/7,9738.063477,0
2017/3/8,9753.443359,0
2017/3/9,9658.603516,0
2017/3/10,9627.882813,0
2017/3/13,9697.333008,0
2017/3/14,9744.203125,0
2017/3/15,9740.302734,0
2017/3/16,9837.823242,0
2017/3/17,9908.683594,0
2017/3/20,9912.962891,0
2017/3/21,9972.483398,0
2017/3/22,9922.65332,0
2017/3/23,9930.733398,0
2017/3/24,9902.973633,0
2017/3/27,9876.762695,0
2017/3/28,9876.443359,0
2017/3/29,9856.243164,0
2017/3/30,9848.143555,0
2017/3/31,9811.512695,0
2017/4/5,9949.473633,0
2017/4/6,9897.792969,0
2017/4/7,9873.363281,0
2017/4/10,9882.533203,0
2017/4/11,9832.413086,0
2017/4/12,9817.672852,0
2017/4/13,9836.672852,0
2017/4/14,9732.922852,0
2017/4/17,9716.393555,0
2017/4/18,9746.552734,0
2017/4/19,9639.933594,0
2017/4/20,9632.683594,0
2017/4/21,9717.40332,0
2017/4/24,9717.943359,0
2017/4/25,9841.703125,0
2017/4/26,9856.443359,0
2017/4/27,9860.613281,0
2017/4/28,9871.993164,0
2017/5/2,9941.262695,0
2017/5/3,9955.323242,0
2017/5/4,9967.639648,0
2017/5/5,9899.94043,0
2017/5/8,9937.25,0
2017/5/9,9915.480469,0
2017/5/10,9968.320313,0
2017/5/11,10001.48047,0
2017/5/12,9986.820313,0
2017/5/15,10036.82031,0
2017/5/16,10031.49023,0
2017/5/17,10013.66992,0
2017/5/18,9969.450195,0
2017/5/19,9947.620117,0
2017/5/22,9997.259766,0
2017/5/23,10007.83984,0
2017/5/24,10044.41992,0
2017/5/25,10108.49023,0
2017/5/26,10101.9502,0
2017/5/31,10040.71973,0
2017/6/1,10087.41992,0
2017/6/2,10152.53027,0
2017/6/5,10226.83984,0
2017/6/6,10206.17969,0
2017/6/7,10209.99023,0
2017/6/8,10225.78027,0
2017/6/9,10199.65039,0
2017/6/12,10109.95996,0
2017/6/13,10128.15039,0
2017/6/14,10072.45996,1
2017/6/15,10088.34961,0
2017/6/16,10156.73047,0
2017/6/19,10250.59961,0
2017/6/20,10324.45996,0
2017/6/21,10349.71973,0
2017/6/22,10399.05957,0
2017/6/23,10377.7002,0
2017/6/26,10513.95996,0
2017/6/27,10512.05957,0
2017/6/28,10390.54981,0
2017/6/29,10421.65039,0
2017/6/30,10395.07031,0
2017/7/3,10412.79004,0
2017/7/4,10347.78027,0
2017/7/5,10404.79004,0
2017/7/6,10368.2002,0
2017/7/7,10297.25,0
2017/7/10,10289.91016,0
2017/7/11,10415.57031,0
2017/7/12,10420.67969,0
2017/7/13,10460.15039,0
2017/7/14,10443.91016,0
2017/7/17,10457.54004,0
2017/7/18,10481.25977,0
2017/7/19,10506.09961,0
2017/7/20,10499.36035,0
2017/7/21,10436.7002,0
2017/7/24,10461.28027,0
2017/7/25,10463.15039,0
2017/7/26,10419.11035,0
2017/7/27,10508.37012,0
2017/7/28,10423.04981,0
2017/7/31,10427.33008,0
2017/8/1,10437.29004,0
2017/8/2,10519.26953,0
2017/8/3,10469.87988,0
2017/8/4,10506.55957,0
2017/8/7,10579.37988,-1
2017/8/8,10568.96973,0
2017/8/9,10470.37988,0
2017/8/10,10329.74023,0
2017/8/11,10329.57031,0
2017/8/14,10225.28027,1
2017/8/15,10311.16016,0
2017/8/16,10290.38965,0
2017/8/17,10369.37012,0
2017/8/18,10321.33008,0
2017/8/21,10326.38965,0
2017/8/22,10392.07031,0
2017/8/23,10406.80957,0
2017/8/24,10488.95996,0
2017/8/25,10515.50977,0
2017/8/28,10525.98047,0
2017/8/29,10496.57031,0
2017/8/30,10569.40039,0
2017/8/31,10585.78027,0
2017/9/1,10594.82031,0
2017/9/4,10569.87012,0
2017/9/5,10617.83984,0
2017/9/6,10547.86035,0
2017/9/7,10538.50977,0
2017/9/8,10609.9502,0
2017/9/11,10572.16016,0
2017/9/12,10610.34961,0
2017/9/13,10532.87988,0
2017/9/14,10553.57031,0
2017/9/15,10580.41016,0
2017/9/18,10631.57031,-1
2017/9/19,10576.13965,0
2017/9/20,10519.16992,0
2017/9/21,10578.44043,0
2017/9/22,10449.67969,0
2017/9/25,10335.88965,0
2017/9/26,10257.01953,1
2017/9/27,10326.67969,0
2017/9/28,10296.4502,0
2017/9/29,10329.94043,0
2017/10/2,10465.16016,0
2017/10/3,10469.34961,0
2017/10/5,10518.26953,0
2017/10/6,10532.80957,0
2017/10/11,10641.19043,0
2017/10/12,10711.44043,0
2017/10/13,10724.08984,0
2017/10/16,10774.20996,0
2017/10/17,10723.15039,0
2017/10/18,10720.28027,0
2017/10/19,10760.29004,0
2017/10/20,10728.87988,0
2017/10/23,10735.20996,0
2017/10/24,10743.78027,0
2017/10/25,10750.57031,0
2017/10/26,10734.75977,0
2017/10/27,10709.11035,0
2017/10/30,10756.87012,0
2017/10/31,10793.79981,0
2017/11/1,10806.36035,0
2017/11/2,10788.50977,0
2017/11/3,10800.76953,0
2017/11/6,10786.19043,0
2017/11/7,10840.33984,0
2017/11/8,10818.99023,0
2017/11/9,10743.26953,0
2017/11/10,10732.66992,0
2017/11/13,10683.91992,0
2017/11/14,10687.17969,0
2017/11/15,10630.65039,0
2017/11/16,10625.04004,0
2017/11/17,10701.63965,0
2017/11/20,10664.54981,0
2017/11/21,10779.24023,0
2017/11/22,10822.58984,0
2017/11/23,10854.57031,0
2017/11/24,10854.08984,-1
2017/11/27,10750.92969,0
2017/11/28,10707.07031,0
2017/11/29,10713.54981,0
2017/11/30,10560.44043,0
2017/12/1,10600.37012,0
2017/12/4,10651.11035,0
2017/12/5,10566.84961,0
2017/12/6,10393.91992,0
2017/12/7,10355.75977,1
2017/12/8,10398.62012,0
2017/12/11,10473.08984,0
2017/12/12,10443.28027,0
2017/12/13,10470.7002,0
2017/12/14,10538.00977,0
2017/12/15,10491.44043,0
2017/12/18,10506.51953,0
2017/12/19,10467.33984,0
2017/12/20,10504.51953,0
2017/12/21,10488.96973,0
2017/12/22,10537.26953,0
2017/12/25,10522.49023,0
2017/12/26,10421.91016,0
2017/12/27,10486.66992,0
2017/12/28,10567.63965,0
2017/12/29,10642.86035,0
2018/1/2,10710.73047,0
2018/1/3,10801.57031,0
2018/1/4,10848.62988,0
2018/1/5,10879.79981,0
2018/1/8,10915.75,0
2018/1/9,10914.88965,0
2018/1/10,10831.08984,0
2018/1/11,10810.05957,0
2018/1/12,10883.95996,0
2018/1/15,10956.30957,0
2018/1/16,10986.11035,0
2018/1/17,11004.79981,0
2018/1/18,11071.57031,0
2018/1/19,11150.84961,0
2018/1/22,11231.45996,0
2018/1/23,11253.11035,-1
2018/1/24,11152.16016,0
2018/1/25,11165.9502,0
2018/1/26,11147.09961,0
2018/1/29,11221.80957,0
2018/1/30,11076.78027,0
2018/1/31,11103.79004,0
2018/2/1,11160.25,0
2018/2/2,11126.23047,0
2018/2/5,10946.25,0
2018/2/6,10404,0
2018/2/7,10551.54004,0
2018/2/8,10528.51953,0
2018/2/9,10371.75,1
2018/2/12,10421.08984,0
2018/2/21,10714.44043,0
2018/2/22,10662.37988,0
2018/2/23,10794.54981,0
2018/2/26,10836.7002,0
2018/2/27,10815.46973,0
2018/3/1,10785.79004,0
2018/3/2,10698.16992,0
2018/3/5,10642.90039,0
2018/3/6,10784.33984,0
2018/3/7,10745.32031,0
2018/3/8,10823.24023,0
2018/3/9,10864.82031,0
2018/3/12,11002.09961,0
2018/3/13,11095.62988,0
2018/3/14,11038.79981,0
2018/3/15,11018.4502,0
2018/3/16,11027.7002,0
2018/3/19,11046.90039,0
2018/3/20,11010.83984,0
2018/3/21,11011.07031,0
2018/3/22,11005.83984,0
2018/3/23,10823.33008,0
2018/3/26,10840.04981,0
2018/3/27,10986.79004,0
2018/3/28,10865.66016,0
2018/3/29,10845.91992,0
2018/3/30,10906.21973,0
2018/4/2,10888.26953,0
2018/4/3,10821.53027,0
2018/4/9,10893.53027,0
2018/4/10,10927.17969,0
2018/4/11,10974.01953,0
2018/4/12,10955.29004,0
2018/4/13,10965.38965,0
2018/4/16,10954.54981,0
2018/4/17,10810.4502,0
2018/4/18,10847.88965,0
2018/4/19,10971.21973,-1
2018/4/20,10779.37988,0
2018/4/23,10697.12988,0
2018/4/24,10579.5,0
2018/4/25,10559.96973,0
2018/4/26,10488.58008,1
2018/4/27,10553.42969,0
2018/4/30,10657.87988,0
2018/5/2,10618.80957,0
2018/5/3,10514.17969,0
2018/5/4,10529.37012,0
2018/5/7,10604.91016,0
2018/5/8,10691.37988,0
2018/5/9,10703.34961,0
2018/5/10,10760.20996,0
2018/5/11,10858.98047,0
2018/5/14,10952.38965,0
2018/5/15,10874.73047,0
2018/5/16,10897.57031,0
2018/5/17,10833.80957,0
2018/5/18,10830.83984,0
2018/5/21,10966.2002,0
2018/5/22,10938.73047,0
2018/5/23,10886.17969,0
2018/5/24,10936.92969,0
2018/5/25,10942.29981,0
2018/5/28,10987.76953,0
2018/5/29,10964.12012,0
2018/5/30,10821.16992,0
2018/5/31,10874.95996,0
2018/6/1,10949.08008,0
2018/6/4,11109.5,0
2018/6/5,11100.11035,0
2018/6/6,11201.83008,-1
2018/6/7,11251.75,0
2018/6/8,11156.41992,0
2018/6/11,11149.23047,0
2018/6/12,11144.79004,0
2018/6/13,11173.20996,0
2018/6/14,11013.98047,0
2018/6/15,11087.46973,0
2018/6/19,10904.19043,0
2018/6/20,10927.44043,0
2018/6/21,10941.07031,0
2018/6/22,10899.28027,0
2018/6/25,10786.45996,0
2018/6/26,10742.16992,0
2018/6/27,10701.03027,0
2018/6/28,10654.28027,0
2018/6/29,10836.91016,0
2018/7/2,10777.94043,0
2018/7/3,10715.71973,0
2018/7/4,10721.87012,0
2018/7/5,10611.80957,0
2018/7/6,10608.57031,1
2018/7/9,10720.28027,0
2018/7/10,10756.88965,0
2018/7/11,10676.83984,0
2018/7/12,10738.37988,0
2018/7/13,10864.54004,0
2018/7/16,10817.4502,0
2018/7/17,10778.99023,0
2018/7/18,10842.45996,0
2018/7/19,10835.37988,0
2018/7/20,10932.11035,0
2018/7/23,10946.88965,0
2018/7/24,10995.38965,0
2018/7/25,10965.79004,0
2018/7/26,11010.61035,0
2018/7/27,11075.78027,0
2018/7/30,11033.54004,0
2018/7/31,11057.50977,0
2018/8/1,11098.12988,0
2018/8/2,10929.76953,0
2018/8/3,11012.42969,0
2018/8/6,11024.09961,0
2018/8/7,10983.44043,0
2018/8/8,11075.25,-1
2018/8/9,11028.07031,0
2018/8/10,10983.67969,0
2018/8/13,10748.91992,0
2018/8/14,10824.23047,0
2018/8/15,10716.75,0
2018/8/16,10683.90039,1
2018/8/17,10690.95996,0
2018/8/20,10699.04981,0
2018/8/21,10792.2002,0
2018/8/22,10804.2002,0
2018/8/23,10863.12988,0
2018/8/24,10809.34961,0
2018/8/27,10902.20996,0
2018/8/28,10989.54981,0
2018/8/29,11099.57031,-1
2018/8/30,11093.75,0
2018/8/31,11063.94043,0
2018/9/3,10964.21973,0
2018/9/4,11021.37988,0
2018/9/5,10995.12988,0
2018/9/6,10924.29981,0
2018/9/7,10846.99023,0
2018/9/10,10725.79981,1
2018/9/11,10752.29981,0
2018/9/12,10722.57031,0
2018/9/13,10727.23047,0
2018/9/14,10868.13965,0
2018/9/17,10828.61035,0
2018/9/18,10760.20996,0
2018/9/19,10857.26953,0
2018/9/20,10831.41016,0
2018/9/21,10972.41016,0
2018/9/25,10978.84961,0
2018/9/26,10974.19043,0
2018/9/27,11034.19043,0
2018/9/28,11006.33984,0
2018/10/1,11051.79981,-1
2018/10/2,10919.62988,0
2018/10/3,10863.94043,0
2018/10/4,10718.91016,0
2018/10/5,10517.12012,0
2018/10/8,10455.92969,0
2018/10/9,10466.83008,0
2018/10/11,9806.110352,0
2018/10/12,10045.80957,0
2018/10/15,9901.120117,0
2018/10/16,9981.099609,0
2018/10/17,9979.139648,0
2018/10/18,9953.730469,0
2018/10/19,9919.259766,0
2018/10/22,9974.280273,0
2018/10/23,9775.200195,0
2018/10/24,9759.400391,0
2018/10/25,9520.790039,0
2018/10/26,9489.179688,1
2018/10/29,9516.320313,0
2018/10/30,9526.110352,0
2018/10/31,9802.129883,0
2018/11/1,9844.740234,0
2018/11/2,9906.589844,0
2018/11/5,9889.80957,0
2018/11/6,9824.950195,0
2018/11/7,9908.349609,0
2018/11/8,9945.30957,0
2018/11/9,9830.009766,0
2018/11/12,9831.209961,0
2018/11/13,9775.839844,0
2018/11/14,9791.879883,0
2018/11/15,9826.459961,0
2018/11/16,9797.089844,0
2018/11/19,9828.69043,0
2018/11/20,9743.990234,0
2018/11/21,9741.519531,0
2018/11/22,9714.709961,0
2018/11/23,9667.299805,0
2018/11/26,9765.360352,0
2018/11/27,9778.620117,0
2018/11/28,9884.30957,0
2018/11/29,9885.360352,0
2018/11/30,9888.030273,0
2018/12/3,10137.87012,-1
2018/12/4,10083.54004,0
2018/12/5,9916.740234,0
2018/12/6,9684.719727,0
2018/12/7,9760.879883,0
2018/12/10,9647.540039,0
2018/12/11,9707.040039,0
2018/12/12,9816.450195,0
2018/12/13,9858.759766,0
2018/12/14,9774.160156,0
2018/12/17,9787.530273,0
2018/12/18,9718.820313,0
2018/12/19,9783.209961,0
2018/12/20,9674.519531,0
2018/12/21,9676.669922,0
2018/12/24,9639.700195,0
2018/12/25,9527.089844,0
2018/12/26,9478.990234,0
2018/12/27,9641.55957,0
2018/12/28,9727.410156,0
2019/1/2,9554.139648,0
2019/1/3,9492.419922,0
2019/1/4,9382.509766,1
2019/1/7,9590.299805,0
2019/1/8,9563.599609,0
2019/1/9,9738.30957,0
2019/1/10,9720.69043,0
2019/1/11,9759.400391,0
2019/1/14,9708.219727,0
2019/1/15,9806.040039,0
2019/1/16,9763.80957,0
2019/1/17,9789.150391,0
2019/1/18,9836.05957,0
2019/1/21,9889.400391,0
2019/1/22,9894.660156,0
2019/1/23,9846.400391,0
2019/1/24,9877.120117,0
2019/1/25,9969.610352,0
2019/1/28,10013.33008,0
2019/1/29,9931.589844,0
2019/1/30,9932.259766,0
2019/2/11,10004.25,0
2019/2/12,10097.74023,0
2019/2/13,10090.58008,0
2019/2/14,10089.00977,0
2019/2/15,10064.78027,0
2019/2/18,10145.28027,0
2019/2/19,10152.25977,0
2019/2/20,10272.45996,0
2019/2/21,10319.53027,0
2019/2/22,10322.91992,0
2019/2/25,10390.92969,0
2019/2/26,10391.54981,0
2019/2/27,10389.16992,0
2019/3/4,10349.87988,0
2019/3/5,10305.25977,0
2019/3/6,10357.15039,0
2019/3/7,10311.67969,0
2019/3/8,10241.75,0
2019/3/11,10250.28027,0
2019/3/12,10343.33008,0
2019/3/13,10373.32031,0
2019/3/14,10348.65039,0
2019/3/15,10439.24023,0
2019/3/18,10512.7002,0
2019/3/19,10512.32031,0
2019/3/20,10551.55957,0
2019/3/21,10609.54981,0
2019/3/22,10639.07031,0
2019/3/25,10479.48047,0
2019/3/26,10559.2002,0
2019/3/27,10542.7002,0
2019/3/28,10536.25977,0
2019/3/29,10641.04004,0
2019/4/1,10642.62988,0
2019/4/2,10690.29981,0
2019/4/3,10704.37988,0
2019/4/8,10800.57031,0
2019/4/9,10851.59961,0
2019/4/10,10868.13965,0
2019/4/11,10808.76953,0
2019/4/12,10805.29981,0
2019/4/15,10875.59961,0
2019/4/16,10927.84961,0
2019/4/17,10997.25977,0
2019/4/18,10962.01953,0
2019/4/19,10968.5,0
2019/4/22,10987.70996,0
2019/4/23,11025.67969,0
2019/4/24,11027.63965,0
2019/4/25,11039.86035,0
2019/4/26,10952.46973,0
2019/4/29,10939.05957,0
2019/4/30,10967.73047,0
2019/5/2,11004.49023,0
2019/5/3,11096.29981,-1
2019/5/6,10897.12012,0
2019/5/7,10987.13965,0
2019/5/8,10923.70996,0
2019/5/9,10733.66992,0
2019/5/10,10712.99023,0
2019/5/13,10558.29004,0
2019/5/14,10519.25,0
2019/5/15,10560.70996,0
2019/5/16,10474.61035,0
2019/5/17,10384.11035,0
2019/5/20,10398.41016,0
2019/5/21,10464.5,0
2019/5/22,10457.21973,0
2019/5/23,10308.37012,0
2019/5/24,10328.28027,0
2019/5/27,10334.12988,0
2019/5/28,10312.30957,0
2019/5/29,10301.78027,1
2019/5/30,10382.99023,0
2019/5/31,10498.49023,0
2019/6/3,10500.07031,0
2019/6/4,10429.12012,0
2019/6/5,10461.62012,0
2019/6/6,10409.2002,0
2019/6/10,10566.46973,0
2019/6/11,10607.75977,0
2019/6/12,10615.66016,0
2019/6/13,10561.00977,0
2019/6/14,10524.66992,0
2019/6/17,10530.54004,0
2019/6/18,10566.74023,0
2019/6/19,10775.33984,0
2019/6/20,10785.00977,0
2019/6/21,10803.76953,0
2019/6/24,10779.4502,0
2019/6/25,10706.71973,0
2019/6/26,10652.54981,0
2019/6/27,10773.90039,0
2019/6/28,10730.83008,0
2019/7/1,10895.45996,0
2019/7/2,10865.12012,0
2019/7/3,10743.76953,0
2019/7/4,10775.90039,0
2019/7/5,10785.73047,0
2019/7/8,10751.21973,0
2019/7/9,10702.78027,0
2019/7/10,10798.48047,0
2019/7/11,10843.41992,0
2019/7/12,10824.34961,0
2019/7/15,10876.42969,0
2019/7/16,10886.04981,0
2019/7/17,10828.48047,0
2019/7/18,10799.28027,0
2019/7/19,10873.19043,0
2019/7/22,10944.53027,0
2019/7/23,10947.25977,-1
2019/7/24,10935.75977,0
2019/7/25,10941.41016,0
2019/7/26,10891.98047,0
2019/7/29,10885.73047,0
2019/7/30,10830.90039,0
2019/7/31,10823.80957,0
2019/8/1,10731.75,0
2019/8/2,10549.04004,0
2019/8/5,10423.41016,0
2019/8/6,10394.75,0
2019/8/7,10386.17969,0
2019/8/8,10494.49023,0
2019/8/12,10472.36035,0
2019/8/13,10362.66016,0
2019/8/14,10427.73047,0
2019/8/15,10327.12988,1
2019/8/16,10420.88965,0
2019/8/19,10488.75,0
2019/8/20,10522.5,0
2019/8/21,10525.79981,0
2019/8/22,10529.78027,0
2019/8/23,10538.11035,0
2019/8/26,10354.57031,0
2019/8/27,10387.23047,0
2019/8/28,10434.29004,0
2019/8/29,10462.42969,0
2019/8/30,10618.04981,0
2019/9/2,10634.84961,0
2019/9/3,10558.20996,0
2019/9/4,10657.30957,0
2019/9/5,10756.92969,0
2019/9/6,10780.63965,0
2019/9/10,10753.58008,0
2019/9/11,10790.34961,0
2019/9/12,10827.54981,0
2019/9/16,10898.12988,0
2019/9/17,10874.5,0
2019/9/18,10929.4502,0
2019/9/19,10894.7002,0
2019/9/20,10929.69043,0
2019/9/23,10919.01953,0
2019/9/24,10918.00977,0
2019/9/25,10873.69043,0
2019/9/26,10871.99023,0
2019/9/27,10829.67969,0
2019/10/1,10967.65039,0
2019/10/2,10947.87988,0
2019/10/3,10875.91016,0
2019/10/4,10894.48047,0
2019/10/7,10935.05957,0
2019/10/8,11017.30957,0
2019/10/9,10889.95996,0
2019/10/14,11066.9502,0
2019/10/15,11111.79981,0
2019/10/16,11162.83008,0
2019/10/17,11186.87988,0
2019/10/18,11180.21973,0
2019/10/21,11184.15039,0
2019/10/22,11271.25,0
2019/10/23,11239.66992,0
2019/10/24,11320.13965,0
2019/10/25,11296.12012,0
2019/10/28,11315.01953,0
2019/10/29,11333.87012,0
2019/10/30,11380.28027,0
2019/10/31,11358.70996,0
2019/11/1,11399.53027,0
2019/11/4,11556.84961,0
2019/11/5,11644.03027,0
2019/11/6,11653.07031,0
2019/11/7,11606.55957,0
2019/11/8,11579.54004,0
2019/11/11,11427.28027,0
2019/11/12,11520.37012,0
2019/11/13,11467.83008,0
2019/11/14,11450.41992,0
2019/11/15,11525.59961,0
2019/11/18,11599.78027,0
2019/11/19,11656.40039,0
2019/11/20,11631.2002,0
2019/11/21,11558.26953,0
2019/11/22,11566.79981,0
2019/11/25,11561.58008,0
2019/11/26,11576.82031,0
2019/11/27,11647.45996,0
2019/11/28,11617.08008,0
2019/11/29,11489.57031,0
2019/12/2,11502.83008,0
2019/12/3,11531.58008,0
2019/12/4,11510.46973,0
2019/12/5,11594.65039,0
2019/12/6,11609.63965,0
2019/12/9,11660.76953,0
2019/12/10,11627.83984,0
2019/12/11,11700.76953,0
2019/12/12,11836.41992,0
2019/12/13,11927.73047,0
2019/12/16,11939.76953,0
2019/12/17,12097.00977,0
2019/12/18,12122.4502,0
2019/12/19,12018.90039,0
2019/12/20,11959.08008,0
2019/12/23,12022.23047,0
2019/12/24,11976.37988,0
2019/12/25,12008.12988,0
2019/12/26,12001.00977,0
2019/12/27,12091.58984,0
2019/12/30,12053.37012,0
2019/12/31,11997.13965,0
2020/1/2,12100.48047,0
2020/1/3,12110.42969,0
2020/1/6,11953.36035,0
2020/1/7,11880.32031,0
2020/1/8,11817.09961,0
2020/1/9,11970.62988,0
2020/1/10,12024.65039,0
2020/1/13,12113.41992,0
2020/1/14,12179.80957,0
2020/1/15,12091.87988,0
2020/1/16,12066.92969,-1
2020/1/17,12090.29004,0
2020/1/20,12118.70996,0
2020/1/30,11421.74023,0
2020/1/31,11495.09961,0
2020/2/3,11354.91992,1
2020/2/4,11555.91992,0
2020/2/5,11573.62012,0
2020/2/6,11749.67969,0
2020/2/7,11612.80957,0
2020/2/10,11574.07031,0
2020/2/11,11664.04004,0
2020/2/12,11774.19043,0
2020/2/13,11791.78027,0
2020/2/14,11815.7002,-1
2020/2/17,11763.50977,0
2020/2/18,11648.98047,0
2020/2/19,11758.83984,0
2020/2/20,11725.08984,0
2020/2/21,11686.34961,0
2020/2/24,11534.87012,0
2020/2/25,11540.23047,0
2020/2/26,11433.62012,0
2020/2/27,11292.16992,0
2020/3/2,11170.45996,1
2020/3/3,11327.71973,0
2020/3/4,11392.34961,0
2020/3/5,11514.82031,-1
2020/3/6,11321.80957,0
2020/3/9,10977.63965,0
2020/3/10,11003.54004,0
2020/3/11,10893.75,0
2020/3/12,10422.32031,0
2020/3/13,10128.87012,0
2020/3/16,9717.769531,0
2020/3/17,9439.629883,0
2020/3/18,9218.669922,0
2020/3/19,8681.339844,1
2020/3/20,9234.089844,-1
2020/3/23,8890.030273,1
2020/3/24,9285.620117,0
2020/3/25,9644.75,0
2020/3/26,9736.360352,0
2020/3/27,9698.919922,0
2020/3/30,9629.429688,0
2020/3/31,9708.05957,0
2020/4/1,9663.629883,0
2020/4/6,9818.740234,0
2020/4/7,9996.389648,0
2020/4/8,10137.46973,0
2020/4/9,10119.42969,0
2020/4/10,10157.61035,0
2020/4/13,10099.21973,0
2020/4/14,10332.94043,0
2020/4/15,10447.20996,0
2020/4/16,10375.48047,0
2020/4/17,10597.04004,0
2020/4/20,10586.70996,0
2020/4/21,10288.41992,0
2020/4/22,10307.74023,0
2020/4/23,10366.50977,0
2020/4/24,10347.36035,0
2020/4/27,10567.26953,0
2020/4/28,10616.05957,0
2020/4/29,10772.21973,0
2020/4/30,10992.13965,0
2020/5/4,10720.48047,0
2020/5/5,10774.61035,0
2020/5/6,10774.98047,0
2020/5/7,10842.91992,0
2020/5/8,10901.41992,0
2020/5/11,11013.25977,0
2020/5/12,10879.46973,0
2020/5/13,10938.26953,0
2020/5/14,10780.87988,0
2020/5/15,10814.91992,0
2020/5/18,10740.54981,0
2020/5/19,10860.44043,0
2020/5/20,10907.79981,0
2020/5/21,11008.30957,0
2020/5/22,10811.15039,0
2020/5/25,10871.17969,0
2020/5/26,10997.20996,0
2020/5/27,11014.66016,0
2020/5/28,10944.19043,0
2020/5/29,10942.16016,0
2020/6/1,11079.01953,0
2020/6/2,11127.92969,0
2020/6/3,11320.16016,0
2020/6/4,11393.23047,0
2020/6/5,11479.40039,0
2020/6/8,11610.32031,0
2020/6/9,11637.11035,0
2020/6/10,11720.16016,-1
2020/6/11,11535.76953,0
2020/6/12,11429.94043,0
2020/6/15,11306.25977,1
2020/6/16,11511.63965,0
2020/6/17,11534.58984,0
2020/6/18,11548.33008,0
2020/6/19,11549.86035,0
2020/6/22,11572.92969,0
2020/6/23,11612.36035,0
2020/6/24,11660.66992,0
2020/6/29,11542.62012,0
2020/6/30,11621.24023,0
2020/7/1,11703.41992,0
2020/7/2,11805.13965,0
2020/7/3,11909.16016,0
2020/7/6,12116.7002,0
2020/7/7,12092.96973,0
2020/7/8,12170.19043,0
2020/7/9,12192.69043,0
2020/7/10,12073.67969,0
2020/7/13,12211.55957,0
2020/7/14,12209.00977,0
2020/7/15,12202.84961,0
2020/7/16,12157.74023,0
2020/7/17,12181.55957,0
2020/7/20,12174.54004,0
2020/7/21,12397.54981,0
2020/7/22,12473.26953,0
2020/7/23,12413.04004,0
2020/7/24,12304.04004,0
2020/7/27,12588.29981,0
2020/7/28,12586.73047,0
2020/7/29,12540.96973,0
2020/7/30,12722.91992,0
2020/7/31,12664.79981,0
2020/8/3,12513.03027,0
2020/8/4,12709.91992,0
2020/8/5,12802.29981,0
2020/8/6,12913.5,0
2020/8/7,12828.87012,0
2020/8/10,12894,0
2020/8/11,12780.19043,0
2020/8/12,12670.34961,0
2020/8/13,12763.12988,0
2020/8/14,12795.45996,0
2020/8/17,12956.11035,-1
2020/8/18,12872.13965,0
2020/8/19,12778.63965,0
2020/8/20,12362.63965,1
2020/8/21,12607.83984,0
2020/8/24,12647.12988,0
2020/8/25,12758.25,0
2020/8/26,12833.29004,0
2020/8/27,12797.30957,0
2020/8/28,12728.84961,0
2020/8/31,12591.4502,0
2020/9/1,12703.28027,0
2020/9/2,12699.5,0
2020/9/3,12757.96973,0
2020/9/4,12637.9502,0
2020/9/7,12601.40039,0
2020/9/8,12663.55957,0
2020/9/9,12608.58008,0
2020/9/10,12691.75,0
2020/9/11,12675.9502,0
2020/9/14,12787.82031,0
2020/9/15,12845.65039,0
2020/9/16,12976.75977,-1
2020/9/17,12872.74023,0
2020/9/18,12875.62012,0
2020/9/21,12795.12012,0
2020/9/22,12645.50977,0
2020/9/23,12583.87988,0
2020/9/24,12264.37988,0
2020/9/25,12232.91016,1
2020/9/28,12462.75977,0
2020/9/29,12467.73047,0
2020/9/30,12515.61035,0
2020/10/5,12548.28027,0
2020/10/6,12704.23047,0
2020/10/7,12746.37012,0
2020/10/8,12887.19043,0
2020/10/12,12955.91016,-1
2020/10/13,12947.12988,0
2020/10/14,12919.30957,0
2020/10/15,12827.82031,0
2020/10/16,12750.37012,0
2020/10/19,12908.33984,0
2020/10/20,12862.37012,0
2020/10/21,12877.25,0
2020/10/22,12917.03027,0
2020/10/23,12898.82031,0
2020/10/26,12909.03027,0
2020/10/27,12875.00977,0
2020/10/28,12793.75,0
2020/10/29,12662.91016,0
2020/10/30,12546.33984,1
2020/11/2,12591.30957,0
2020/11/3,12736.00977,0
2020/11/4,12867.90039,0
2020/11/5,12918.79981,0
2020/11/6,12973.53027,0
2020/11/9,13127.46973,0
2020/11/10,13081.71973,0
2020/11/11,13262.19043,0
2020/11/12,13221.78027,0
2020/11/13,13273.33008,0
2020/11/16,13551.83008,0
2020/11/17,13593.00977,0
2020/11/18,13773.29004,0
2020/11/19,13722.42969,0
2020/11/20,13716.44043,0
2020/11/23,13878.00977,0
2020/11/24,13807.12988,0
2020/11/25,13738.83008,0
2020/11/26,13845.66016,0
2020/11/27,13867.08984,0
2020/11/30,13722.88965,0
2020/12/1,13885.66992,0
2020/12/2,13989.13965,0
2020/12/3,13977.08984,0
2020/12/4,14132.44043,0
2020/12/7,14256.59961,0
2020/12/8,14360.40039,0
2020/12/9,14390.13965,0
2020/12/10,14249.49023,0
2020/12/11,14261.69043,0
2020/12/14,14211.04981,0
2020/12/15,14068.51953,0
2020/12/16,14304.45996,0
2020/12/17,14258.92969,0
2020/12/18,14249.95996,0
2020/12/21,14384.95996,0
2020/12/22,14177.45996,0
2020/12/23,14223.08984,0
2020/12/24,14280.28027,0
2020/12/25,14331.41992,0
2020/12/28,14483.07031,0
2020/12/29,14472.04981,0
2020/12/30,14687.7002,0
2020/12/31,14732.53027,0
2021/1/4,14902.03027,0
2021/1/5,15000.03027,0
2021/1/6,14983.12988,0
2021/1/7,15214,0
2021/1/8,15463.9502,0
2021/1/11,15557.29981,0
2021/1/12,15500.7002,0
2021/1/13,15769.98047,0
2021/1/14,15707.19043,0
2021/1/15,15616.38965,0
2021/1/18,15612,0
2021/1/19,15877.37012,0
2021/1/20,15806.17969,0
2021/1/21,16153.76953,-1
2021/1/22,16019.03027,0
2021/1/25,15946.54004,0
2021/1/26,15658.84961,0
2021/1/27,15701.4502,0
2021/1/28,15415.87988,0
2021/1/29,15138.30957,1
2021/2/1,15410.08984,0
2021/2/2,15760.04981,0
2021/2/3,15771.32031,0
2021/2/4,15706.21973,0
2021/2/5,15802.40039,0
2021/2/17,16362.29004,0
2021/2/18,16424.50977,0
2021/2/19,16341.37988,0
2021/2/22,16410.16016,0
2021/2/23,16443.40039,0
2021/2/24,16212.53027,0
2021/2/25,16452.17969,0
2021/2/26,15953.79981,0
2021/3/2,15946.87988,0
2021/3/3,16211.73047,0
2021/3/4,15906.41016,0
2021/3/5,15855.23047,0
2021/3/8,15820.11035,0
2021/3/9,15853.08984,1
2021/3/10,15911.66992,0
2021/3/11,16179.55957,0
2021/3/12,16255.17969,0
2021/3/15,16249.33008,0
2021/3/16,16313.16016,0
2021/3/17,16215.82031,0
2021/3/18,16287.83984,0
2021/3/19,16070.24023,0
2021/3/22,16189.21973,0
2021/3/23,16177.58984,0
2021/3/24,16032.12012,0
2021/3/25,16060.13965,0
2021/3/26,16305.87988,0
2021/3/29,16475.9707,0
2021/3/30,16554.90039,0
2021/3/31,16431.13086,0
2021/4/1,16571.2793,0
2021/4/7,16815.35938,0
2021/4/8,16926.43945,0
2021/4/9,16854.09961,0
2021/4/12,16859.69922,0
2021/4/13,16824.91016,0
2021/4/14,16865.9707,0
2021/4/15,17076.73047,0
2021/4/16,17158.81055,0
2021/4/19,17263.2793,0
2021/4/20,17323.86914,0
2021/4/21,17202.10938,0
2021/4/22,17096.9707,0
2021/4/23,17300.26953,0
2021/4/26,17572.28906,0
2021/4/27,17595.90039,-1
2021/4/28,17567.5293,0
2021/4/29,17566.66016,0
2021/5/3,17222.34961,0
2021/5/4,16933.7793,0
2021/5/5,16843.43945,1
2021/5/6,16994.35938,0
2021/5/7,17285,-1
2021/5/10,17235.60938,0
2021/5/11,16583.13086,0
2021/5/12,15902.37012,0
2021/5/13,15670.09961,0
2021/5/14,15827.08984,0
2021/5/17,15353.88965,1
2021/5/18,16145.98047,0
2021/5/19,16132.66016,0
2021/5/20,16042.36035,0
2021/5/21,16302.05957,0
2021/5/24,16338.29004,0
2021/5/25,16595.66992,0
2021/5/26,16643.68945,0
2021/5/27,16601.60938,0
2021/5/28,16870.85938,0
2021/5/31,17068.42969,0
2021/6/1,17162.38086,0
2021/6/2,17165.03906,0
2021/6/3,17246.16016,0
2021/6/4,17147.41016,0
2021/6/7,17083.91016,0
2021/6/8,17076.21094,0
2021/6/9,16966.2207,0
2021/6/10,17159.2207,0
2021/6/11,17213.51953,0
2021/6/15,17371.28906,0
2021/6/16,17307.85938,0
2021/6/17,17390.60938,0
2021/6/18,17318.53906,0
2021/6/21,17062.98047,0
2021/6/22,17075.55078,0
2021/6/23,17336.71094,0
2021/6/24,17407.96094,0
2021/6/25,17502.99023,0
2021/6/28,17590.9707,0
2021/6/29,17598.18945,0
2021/6/30,17755.46094,0
2021/7/1,17713.93945,0
2021/7/2,17710.15039,0
2021/7/5,17919.33008,0
2021/7/6,17913.07031,0
2021/7/7,17850.68945,0
2021/7/8,17866.08984,0
2021/7/9,17661.48047,0
2021/7/12,17814.33008,0
2021/7/13,17847.51953,0
2021/7/14,17845.75,0
2021/7/15,18034.18945,-1
2021/7/16,17895.25,0
2021/7/19,17789.25,0
2021/7/20,17528.74023,0
2021/7/21,17458.78906,0
2021/7/22,17572.33008,0
2021/7/23,17572.91992,0
2021/7/26,17403.56055,0
2021/7/27,17269.86914,0
2021/7/28,17135.2207,1
2021/7/29,17402.81055,0
2021/7/30,17247.41016,0
2021/8/2,17503.2793,0
2021/8/3,17553.75977,0
2021/8/4,17623.89063,0
2021/8/5,17603.11914,-1
2021/8/6,17526.2793,0
2021/8/9,17485.15039,0
2021/8/10,17323.64063,0
2021/8/11,17227.17969,0
2021/8/12,17219.93945,0
2021/8/13,16982.10938,0
2021/8/16,16858.76953,0
2021/8/17,16661.35938,0
2021/8/18,16826.26953,0
2021/8/19,16375.40039,1
2021/8/20,16341.94043,0
2021/8/23,16741.83984,0
2021/8/24,16818.73047,0
2021/8/25,17045.85938,0
2021/8/26,17066.96094,0
2021/8/27,17209.92969,0
2021/8/30,17396.51953,0
2021/8/31,17490.28906,0
2021/9/1,17473.99023,-1
2021/9/2,17319.75977,0
2021/9/3,17516.91992,0
2021/9/6,17495.30078,0
2021/9/7,17428.86914,0
2021/9/8,17270.49023,0
2021/9/9,17304.33008,0
2021/9/10,17474.57031,0
2021/9/13,17446.31055,0
2021/9/14,17434.90039,0
2021/9/15,17354,0
2021/9/16,17278.69922,0
2021/9/17,17276.78906,0
2021/9/22,16925.82031,0
2021/9/23,17078.2207,0
2021/9/24,17260.18945,0
2021/9/27,17313.76953,0
2021/9/28,17181.43945,0
2021/9/29,16855.46094,0
2021/9/30,16934.76953,0
2021/10/1,16570.89063,0
2021/10/4,16408.34961,0
2021/10/5,16460.75,0
2021/10/6,16393.16016,0
2021/10/7,16713.85938,0
2021/10/8,16640.42969,0
2021/10/12,16462.83984,0
2021/10/13,16347.99023,1
2021/10/14,16387.2793,0
2021/10/15,16781.18945,0
2021/10/18,16705.46094,0
2021/10/19,16900.66992,0
2021/10/20,16887.82031,0
2021/10/21,16889.50977,0
2021/10/22,16888.74023,0
2021/10/25,16894.24023,0
2021/10/26,17034.33984,0
2021/10/27,17074.55078,0
2021/10/28,17041.63086,0
2021/10/29,16987.41016,0
2021/11/1,17068.24023,0
2021/11/2,17065.9707,0
2021/11/3,17122.16016,0
2021/11/4,17078.85938,0
2021/11/5,17296.90039,0
2021/11/8,17415.30078,0
2021/11/9,17541.35938,0
2021/11/10,17559.65039,0
2021/11/11,17452.51953,0
2021/11/12,17518.13086,0
2021/11/15,17634.4707,0
2021/11/16,17693.13086,0
2021/11/17,17764.03906,0
2021/11/18,17841.36914,0
2021/11/19,17818.31055,0
2021/11/22,17803.53906,0
2021/11/23,17666.11914,0
2021/11/24,17642.51953,0
2021/11/25,17654.18945,0
2021/11/26,17369.39063,0
2021/11/29,17328.08984,0
