Date,Adj Close, label ,week_return,10day_before,10day_after,10day_before_change,10day_after_change,opposite,label,opposite_label,,
2005/1/30,5879.908203,0,0.005303575,5889.498047,6207.806641,-0.001630951,-0.055765911,0,TRUE,1,,
2005/2/6,6034.577637,0,0.026304736,5848.888184,6193.59668,0.030770911,-0.026351313,1,TRUE,0,,
2005/2/27,6207.806641,0,0.015109201,5879.908203,6204.206543,0.052820337,0.000579931,0,TRUE,-1,,
2005/3/6,6193.59668,0,-0.002289047,6034.577637,6043.927734,0.025674749,0.02416511,0,FALSE,0,,
2005/3/13,6204.206543,0,0.001713037,6207.806641,6065.887695,-0.000580267,0.022294365,1,FALSE,0,,
2005/3/20,6043.927734,0,-0.025833893,6193.59668,6028.727539,-0.024763523,0.002514953,1,FALSE,0,,
2005/3/27,6065.887695,0,0.003633392,6204.206543,6024.047363,-0.022802738,0.006897644,1,FALSE,0,,
2005/4/3,6028.727539,0,-0.006126087,6043.927734,5888.348145,-0.002521294,0.023285078,1,FALSE,0,,
2005/4/10,6024.047363,0,-0.000776312,6065.887695,5747.068848,-0.006945552,0.045978808,1,TRUE,0,,
2005/4/17,5888.348145,0,-0.022526254,6028.727539,5818.04834,-0.023840199,0.011938799,1,FALSE,0,,
2005/4/24,5747.068848,0,-0.023993027,6024.047363,5967.937988,-0.048194745,-0.038431615,0,TRUE,1,,
2005/5/1,5818.04834,0,0.012350555,5888.348145,5981.458008,-0.012083056,-0.028086681,0,FALSE,0,,
2005/5/8,5967.937988,0,0.025762874,5747.068848,5954.667969,0.037009289,0.002223552,0,TRUE,0,,
2005/5/15,5981.458008,0,0.002265442,5818.04834,5991.527344,0.027319371,-0.001683425,1,FALSE,0,,
2005/5/22,5954.667969,0,-0.004478848,5967.937988,6107.927734,-0.002228507,-0.025737752,0,FALSE,0,,
2005/5/29,5991.527344,0,0.006189997,5981.458008,6192.32666,0.001680596,-0.033513878,1,TRUE,0,,
2005/6/5,6107.927734,0,0.019427499,5954.667969,6293.536133,0.025091941,-0.030388113,1,TRUE,0,,
2005/6/12,6192.32666,0,0.013817931,5991.527344,6340.665527,0.032427119,-0.023955272,1,TRUE,0,,
2005/6/19,6293.536133,0,0.016344337,6107.927734,6272.116211,0.02949191,0.00340348,0,FALSE,0,,
2005/6/26,6340.665527,0,0.00748854,6192.32666,6201.376465,0.023394842,0.021967578,0,FALSE,0,,
2005/7/3,6272.116211,0,-0.01081106,6293.536133,6410.56543,-0.003415103,-0.022073765,0,FALSE,0,,
2005/7/10,6201.376465,1,-0.01127845,6340.665527,6380.705566,-0.022460991,-0.028917629,0,FALSE,0,,
2005/7/17,6410.56543,0,0.033732667,6272.116211,6311.956055,0.021597037,0.015382321,0,FALSE,0,,
2005/7/24,6380.705566,0,-0.004657914,6201.376465,6445.985352,0.028104901,-0.01023081,1,FALSE,0,,
2005/7/31,6311.956055,0,-0.010774594,6410.56543,6350.875488,-0.015622633,-0.006165986,0,FALSE,0,,
2005/8/7,6445.985352,-1,0.021234194,6380.705566,6158.916504,0.0101272,0.044534518,0,TRUE,-1,,
2005/8/14,6350.875488,0,-0.014754899,6311.956055,6136.527344,0.0061282,0.03375096,0,TRUE,0,,
2005/8/21,6158.916504,0,-0.030225594,6445.985352,6116.027344,-0.046610284,0.006963751,1,TRUE,0,,
2005/8/28,6136.527344,0,-0.003635243,6350.875488,6119.037598,-0.034929877,0.002850105,1,TRUE,0,,
2005/9/4,6116.027344,0,-0.003340652,6158.916504,6031.217773,-0.007012585,0.013866774,1,FALSE,0,,
2005/9/11,6119.037598,0,0.000492191,6136.527344,5925.518066,-0.002858251,0.031625812,1,TRUE,0,,
2005/9/18,6031.217773,0,-0.014351902,6116.027344,6118.587402,-0.014061766,-0.014486234,0,FALSE,0,,
2005/9/25,5925.518066,1,-0.017525434,6119.037598,6081.817383,-0.032658669,-0.026377325,0,TRUE,0,,
2005/10/2,6118.587402,0,0.032582693,6031.217773,5969.047852,0.014279379,0.024440208,0,FALSE,0,,
2005/10/9,6081.817383,0,-0.00600956,5925.518066,5738.73877,0.025699443,0.056410542,0,TRUE,0,,
2005/10/16,5969.047852,0,-0.018542078,6118.587402,5632.949219,-0.025052496,0.056306909,1,TRUE,0,,
2005/10/23,5738.73877,0,-0.038583889,6081.817383,5911.718262,-0.059782929,-0.030142423,0,TRUE,0,,
2005/10/30,5632.949219,1,-0.018434286,5969.047852,6075.237305,-0.059666548,-0.078518032,0,TRUE,1,,
2005/11/6,5911.718262,0,0.049489003,5738.73877,6106.717773,0.029260442,-0.032985251,1,TRUE,0,,
2005/11/13,6075.237305,0,0.027660155,5632.949219,6128.177734,0.072801779,-0.008714134,1,TRUE,0,,
2005/11/20,6106.717773,0,0.005181768,5911.718262,6228.926758,0.031931967,-0.020012221,1,TRUE,0,,
2005/11/27,6128.177734,0,0.003514156,6075.237305,6264.335938,0.008638853,-0.022218384,1,FALSE,0,,
2005/12/4,6228.926758,0,0.016440291,6106.717773,6350.665527,0.019619589,-0.0195441,1,FALSE,0,,
2005/12/11,6264.335938,0,0.005684636,6128.177734,6512.60498,0.021735457,-0.03963214,1,TRUE,0,,
2005/12/18,6350.665527,0,0.013781124,6228.926758,6548.314941,0.019169451,-0.03112263,1,TRUE,0,,
2005/12/25,6512.60498,0,0.025499604,6264.335938,6694.793945,0.038121311,-0.027974822,1,TRUE,0,,
2006/1/1,6548.314941,0,0.005483207,6350.665527,6682.324707,0.030183248,-0.020464771,1,TRUE,0,,
2006/1/8,6694.793945,0,0.022368961,6512.60498,6486.60498,0.027213528,0.031097143,0,TRUE,-1,,
2006/1/15,6682.324707,0,-0.001862528,6548.314941,6532.155273,0.020054363,0.022472633,0,FALSE,0,,
2006/1/22,6486.60498,0,-0.029289167,6694.793945,6594.575195,-0.032095212,-0.016645104,0,TRUE,0,,
2006/1/29,6532.155273,0,0.007022209,6682.324707,6594.89502,-0.022989263,-0.009604754,0,FALSE,0,,
2006/2/5,6594.575195,0,0.009555793,6486.60498,6673.724609,0.016372581,-0.012002201,1,FALSE,0,,
2006/2/12,6594.89502,0,4.84982E-05,6532.155273,6538.195313,0.009513381,0.008597515,0,FALSE,0,,
2006/2/19,6673.724609,0,0.011953123,6594.575195,6553.635254,0.011859856,0.017994353,0,FALSE,0,,
2006/2/26,6538.195313,0,-0.020307895,6594.89502,6490.655273,-0.008672073,0.007271126,1,FALSE,0,,
2006/3/5,6553.635254,0,0.002361499,6673.724609,6528.544922,-0.018324083,0.00382846,1,FALSE,0,,
2006/3/12,6490.655273,0,-0.009609931,6538.195313,6376.595703,-0.007324382,0.01757289,1,FALSE,0,,
2006/3/19,6528.544922,0,0.005837569,6553.635254,6613.945313,-0.003843174,-0.013081076,0,FALSE,0,,
2006/3/26,6376.595703,0,-0.023274592,6490.655273,6781.914063,-0.01788722,-0.06356344,0,TRUE,1,,
2006/4/2,6613.945313,0,0.037221994,6528.544922,6952.51416,0.012912171,-0.051190149,1,TRUE,0,,
2006/4/9,6781.914063,0,0.02539615,6376.595703,7093.023438,0.059764597,-0.045873388,1,TRUE,0,,
2006/4/16,6952.51416,0,0.025155155,6613.945313,7171.742676,0.048697326,-0.031532265,1,TRUE,0,,
2006/4/23,7093.023438,0,0.020209851,6781.914063,7370.412109,0.043861321,-0.039107254,1,TRUE,0,,
2006/4/30,7171.742676,0,0.011098122,6952.51416,7278.932129,0.030568375,-0.014946082,1,TRUE,0,,
2006/5/7,7370.412109,0,0.027701696,7093.023438,7074.124023,0.037635436,0.040199663,0,TRUE,-1,,
2006/5/14,7278.932129,0,-0.012411786,7171.742676,6879.483887,0.014725986,0.054877314,0,TRUE,0,,
2006/5/21,7074.124023,0,-0.028137109,7370.412109,6959.614258,-0.04188336,0.01618713,1,TRUE,0,,
2006/5/28,6879.483887,0,-0.02751438,7278.932129,6444.605469,-0.058063693,0.063213814,1,TRUE,0,,
2006/6/4,6959.614258,0,0.01164773,7074.124023,6575.745117,-0.016453464,0.055156669,1,TRUE,0,,
2006/6/11,6444.605469,0,-0.073999617,6879.483887,6452.285645,-0.067479448,-0.001191722,0,TRUE,1,,
2006/6/18,6575.745117,0,0.020348747,6959.614258,6704.384277,-0.058376524,-0.019562674,0,TRUE,0,,
2006/6/25,6452.285645,0,-0.018774978,6444.605469,6660.584473,0.001190303,-0.032282952,1,TRUE,0,,
2006/7/2,6704.384277,0,0.039071214,6575.745117,6428.005371,0.019187319,0.041223608,0,TRUE,-1,,
2006/7/9,6660.584473,0,-0.006533009,6452.285645,6419.985352,0.031273356,0.036122824,0,TRUE,0,,
2006/7/16,6428.005371,0,-0.034918723,6704.384277,6480.04541,-0.04299606,-0.00809583,0,TRUE,0,,
2006/7/23,6419.985352,0,-0.001247668,6660.584473,6442.585449,-0.037476584,-0.003520272,0,TRUE,1,,
2006/7/30,6480.04541,0,0.009355171,6428.005371,6571.075195,0.008030814,-0.014047708,1,FALSE,0,,
2006/8/6,6442.585449,0,-0.005780818,6419.985352,6721.054199,0.003507924,-0.043223136,1,TRUE,0,,
2006/8/13,6571.075195,0,0.019943817,6480.04541,6526.195313,0.013853104,0.006829915,0,FALSE,0,,
2006/8/20,6721.054199,0,0.022824119,6442.585449,6651.43457,0.041432302,0.010358439,0,TRUE,0,,
2006/8/27,6526.195313,0,-0.02899231,6571.075195,6693.083984,-0.006876883,-0.025572123,0,FALSE,0,,
2006/9/3,6651.43457,0,0.01919024,6721.054199,6681.064453,-0.010466859,-0.004454661,0,FALSE,0,,
2006/9/10,6693.083984,0,0.006261719,6526.195313,6885.574219,0.024934495,-0.028759573,1,FALSE,0,,
2006/9/17,6681.064453,0,-0.001795814,6651.43457,6883.023926,0.004434905,-0.030228637,1,TRUE,0,,
2006/9/24,6885.574219,0,0.030610357,6693.083984,6997.214355,0.027955582,-0.016213628,1,FALSE,0,,
2006/10/1,6883.023926,0,-0.000370382,6681.064453,7068.773926,0.029341678,-0.026986685,1,FALSE,0,,
2006/10/8,6997.214355,0,0.016590154,6885.574219,7039.344238,0.01595494,-0.006020951,1,FALSE,0,,
2006/10/15,7068.773926,0,0.010226866,6883.023926,7086.713867,0.026277541,-0.002537914,1,FALSE,0,,
2006/10/22,7039.344238,0,-0.004163337,6997.214355,7161.583008,0.005984916,-0.017365079,1,FALSE,0,,
2006/10/29,7086.713867,0,0.006729267,7068.773926,7174.172852,0.002531489,-0.012341261,1,FALSE,0,,
2006/11/5,7161.583008,0,0.010564719,7039.344238,7259.512207,0.01706868,-0.013674239,1,FALSE,0,,
2006/11/12,7174.172852,0,0.001757969,7086.713867,7427.332031,0.012190811,-0.035287577,1,TRUE,0,,
2006/11/19,7259.512207,0,0.011895358,7161.583008,7613.541016,0.013489777,-0.048767575,1,TRUE,0,,
2006/11/26,7427.332031,0,0.023117231,7174.172852,7636.270996,0.034084807,-0.028131093,1,TRUE,0,,
2006/12/3,7613.541016,0,0.025070777,7259.512207,7538.791504,0.046499889,0.009817969,0,TRUE,0,,
2006/12/10,7636.270996,0,0.002985468,7427.332031,7652.441406,0.027361387,-0.002117579,1,FALSE,0,,
2006/12/17,7538.791504,0,-0.012765326,7613.541016,7823.690918,-0.009915318,-0.037791125,0,TRUE,0,,
2006/12/24,7652.441406,0,0.015075348,7636.270996,7835.540527,0.002113105,-0.02392689,1,FALSE,0,,
2006/12/31,7823.690918,0,0.022378415,7538.791504,7761.681152,0.036414963,0.007925897,0,TRUE,0,,
2007/1/7,7835.540527,0,0.00151458,7652.441406,7840.050781,0.023367772,-0.000575615,1,FALSE,0,,
2007/1/14,7761.681152,0,-0.0094262,7823.690918,7821.290527,-0.007989218,-0.007679957,0,FALSE,0,,
2007/1/21,7840.050781,0,0.010096992,7835.540527,7777.000977,0.000575284,0.008042015,0,FALSE,0,,
2007/1/28,7821.290527,0,-0.002392874,7761.681152,7859.5,0.007621424,-0.004885316,1,FALSE,0,,
2007/2/4,7777.000977,0,-0.005662691,7840.050781,7809.421387,-0.008107213,-0.004168755,0,FALSE,0,,
2007/2/11,7859.5,0,0.010608077,7821.290527,7568.171387,0.004861565,0.037067067,0,TRUE,-1,,
2007/2/18,7809.421387,0,-0.00637173,7777.000977,7719.770996,0.004151448,0.011479774,0,FALSE,0,,
2007/3/11,7568.171387,0,-0.013371566,7859.5,7859.290039,-0.038493924,-0.038466181,0,TRUE,1,,
2007/3/18,7719.770996,0,0.020031207,7809.421387,7884.379883,-0.011613089,-0.021323027,0,FALSE,0,,
2007/3/25,7859.290039,0,0.018072951,7568.171387,8004.579102,0.037041342,-0.018486283,1,TRUE,0,,
2007/4/1,7884.379883,0,0.00319238,7719.770996,8002.269043,0.020877848,-0.014952243,1,FALSE,0,,
2007/4/8,8004.579102,0,0.015245234,7859.290039,7942.639648,0.018150744,0.007738003,0,FALSE,0,,
2007/4/15,8002.269043,0,-0.000288592,7884.379883,7949.389648,0.014731967,0.00660805,0,FALSE,0,,
2007/4/22,7942.639648,0,-0.007451561,8004.579102,8066.029297,-0.007798346,-0.015535093,0,FALSE,0,,
2007/4/29,7949.389648,0,0.000849843,8002.269043,8031.509277,-0.006652007,-0.010330306,0,FALSE,0,,
2007/5/6,8066.029297,0,0.01467278,7942.639648,8034.109375,0.015297446,0.003957328,0,FALSE,0,,
2007/5/13,8031.509277,0,-0.004279679,7949.389648,8159.939453,0.010224682,-0.01599079,1,FALSE,0,,
2007/5/20,8034.109375,0,0.000323737,8066.029297,8249.868164,-0.00397305,-0.026855346,0,FALSE,0,,
2007/5/27,8159.939453,0,0.015661982,8031.509277,8300.677734,0.015739109,-0.017247466,1,FALSE,0,,
2007/6/3,8249.868164,0,0.011020757,8034.109375,8573.607422,0.026152998,-0.039241749,1,TRUE,0,,
2007/6/10,8300.677734,0,0.006158834,8159.939453,8846.357422,0.016955035,-0.065739173,1,TRUE,0,,
2007/6/17,8573.607422,0,0.03288041,8249.868164,8883.176758,0.037759982,-0.036107244,1,TRUE,0,,
2007/6/24,8846.357422,0,0.031812747,8300.677734,9188.275391,0.06168411,-0.038650707,1,TRUE,0,,
2007/7/1,8883.176758,0,0.00416209,8573.607422,9471.264648,0.034848945,-0.06620243,1,TRUE,0,,
2007/7/8,9188.275391,0,0.034345667,8846.357422,9585.864258,0.037212421,-0.043271327,1,TRUE,0,,
2007/7/15,9471.264648,0,0.030798952,8883.176758,9162.246094,0.062091802,0.032626958,0,TRUE,0,,
2007/7/22,9585.864258,0,0.012099716,9188.275391,9057.786133,0.04147658,0.055089255,0,TRUE,-1,,
2007/7/29,9162.246094,0,-0.044191964,9471.264648,8931.276367,-0.03372738,0.025208854,1,TRUE,0,,
2007/8/5,9057.786133,0,-0.01140113,9585.864258,8090.259277,-0.058301015,0.106817145,1,TRUE,0,,
2007/8/12,8931.276367,0,-0.013966963,9162.246094,8690.057617,-0.025860775,0.027008318,1,FALSE,0,,
2007/8/19,8090.259277,1,-0.094165386,9057.786133,8982.126953,-0.119591576,-0.11023969,0,TRUE,1,,
2007/8/26,8690.057617,0,0.074138333,8931.276367,9018.046875,-0.027758015,-0.037743048,0,TRUE,0,,
2007/9/2,8982.126953,0,0.033609597,8090.259277,9031.59668,0.099293595,-0.005507574,1,TRUE,0,,
2007/9/9,9018.046875,0,0.003999044,8690.057617,9105.246094,0.036370321,-0.009669413,1,TRUE,0,,
2007/9/16,9031.59668,0,0.001502521,8982.126953,9411.916016,0.005477407,-0.042109867,1,TRUE,0,,
2007/9/23,9105.246094,0,0.008154639,9018.046875,9617.223633,0.009576811,-0.056228852,1,TRUE,0,,
2007/9/30,9411.916016,0,0.033680575,9031.59668,9496.43457,0.04040828,-0.008979952,1,TRUE,0,,
2007/10/7,9617.223633,0,0.021813584,9105.246094,9611.683594,0.053235482,0.000576054,0,TRUE,0,,
2007/10/14,9496.43457,0,-0.01255966,9411.916016,9631.473633,0.00890003,-0.014219975,1,FALSE,0,,
2007/10/21,9611.683594,0,0.012136031,9617.223633,9273.055664,-0.000576386,0.035230865,1,TRUE,0,,
2007/10/28,9631.473633,0,0.002058957,9496.43457,8970.886719,0.014020602,0.068586277,0,TRUE,-1,,
2007/11/4,9273.055664,0,-0.037213201,9611.683594,8764.788086,-0.036517405,0.054811229,1,TRUE,0,,
2007/11/11,8970.886719,0,-0.032585693,9631.473633,8342.167969,-0.073636747,0.070084348,1,TRUE,0,,
2007/11/18,8764.788086,0,-0.022974165,9273.055664,8586.368164,-0.057989717,0.020356444,1,TRUE,0,,
2007/11/25,8342.167969,0,-0.04821795,8970.886719,8722.347656,-0.07536635,-0.045573248,0,TRUE,1,,
2007/12/2,8586.368164,0,0.029272989,8764.788086,8118.049316,-0.02077944,0.054542135,1,TRUE,0,,
2007/12/9,8722.347656,0,0.015836672,8342.167969,7941.409668,0.043586853,0.089533004,0,TRUE,-1,,
2007/12/16,8118.049316,0,-0.069281616,8586.368164,8396.917969,-0.057688594,-0.034351683,0,TRUE,0,,
2007/12/23,7941.409668,0,-0.021758878,8722.347656,8221.067383,-0.098337451,-0.035215123,0,TRUE,1,,
2007/12/30,8396.917969,0,0.05735862,8118.049316,8029.279297,0.033210835,0.043782573,0,TRUE,-1,,
2008/1/6,8221.067383,0,-0.020942277,7941.409668,8184.619141,0.034017203,0.004433517,0,TRUE,0,,
2008/1/13,8029.279297,0,-0.023328855,8396.917969,7739.561035,-0.045787257,0.036082723,1,TRUE,0,,
2008/1/20,8184.619141,0,0.019346673,8221.067383,7673.961426,-0.004453261,0.062392361,1,TRUE,0,,
2008/1/27,7739.561035,0,-0.054377375,8029.279297,8108.679199,-0.037433423,-0.04769239,0,TRUE,0,,
2008/2/3,7673.961426,0,-0.008475882,8184.619141,8412.727539,-0.066544212,-0.096269198,0,TRUE,1,,
2008/2/24,8108.679199,0,0.029498328,7739.561035,8531.347656,0.045521367,-0.052125438,1,TRUE,0,,
2008/3/2,8412.727539,0,0.037496654,7673.961426,8161.359375,0.087815291,0.029879508,0,TRUE,0,,
2008/3/9,8531.347656,0,0.014100078,8108.679199,8524.958008,0.049542988,0.000748961,0,TRUE,-1,,
2008/3/16,8161.359375,0,-0.043368093,8412.727539,8623.448242,-0.030799791,-0.056619105,0,TRUE,1,,
2008/3/23,8524.958008,0,0.044551234,8531.347656,8596.307617,-0.000749523,-0.008369497,0,FALSE,0,,
2008/3/30,8623.448242,0,0.011553164,8161.359375,8909.546875,0.053585162,-0.033176825,1,TRUE,0,,
2008/4/6,8596.307617,0,-0.003147305,8524.958008,9074.305664,0.00830003,-0.055605042,1,TRUE,0,,
2008/4/13,8909.546875,0,0.036438814,8623.448242,8947.796875,0.032111468,-0.004293148,1,TRUE,0,,
2008/4/20,9074.305664,0,0.018492387,8596.307617,8963.59668,0.052675991,0.012200271,0,TRUE,0,,
2008/4/27,8947.796875,0,-0.013941429,8909.546875,8792.357422,0.004274795,0.017371813,0,FALSE,0,,
2008/5/4,8963.59668,0,0.001765776,9074.305664,9197.375977,-0.012350956,-0.02608097,0,FALSE,0,,
2008/5/11,8792.357422,0,-0.019103856,8947.796875,8834.698242,-0.017678928,-0.004815639,0,FALSE,0,,
2008/5/18,9197.375977,0,0.046064842,8963.59668,8619.047852,0.025418043,0.062879687,0,TRUE,-1,,
2008/5/25,8834.698242,0,-0.03943274,8792.357422,8745.317383,0.00479256,0.010117025,0,FALSE,0,,
2008/6/1,8619.047852,0,-0.02440948,9197.375977,8105.559082,-0.067098841,0.059576044,1,TRUE,0,,
2008/6/8,8745.317383,0,0.014650056,8834.698242,7902.409668,-0.010220425,0.096383891,1,TRUE,0,,
2008/6/15,8105.559082,0,-0.073154383,8619.047852,7548.730957,-0.063350198,0.068697066,1,TRUE,0,,
2008/6/22,7902.409668,0,-0.025062974,8745.317383,7228.382813,-0.106664644,0.085293839,1,TRUE,0,,
2008/6/29,7548.730957,0,-0.044755806,8105.559082,7244.732422,-0.073764468,0.040271476,1,TRUE,0,,
2008/7/6,7228.382813,0,-0.042437351,7902.409668,6815.293945,-0.093247255,0.057148173,1,TRUE,0,,
2008/7/13,7244.732422,0,0.002261863,7548.730957,7233.592773,-0.04196132,0.00153762,1,TRUE,0,,
2008/7/20,6815.293945,0,-0.059275961,7228.382813,7002.51416,-0.06061204,-0.0274706,0,TRUE,0,,
2008/7/27,7233.592773,0,0.061376491,7244.732422,7209.012695,-0.001539988,0.003398046,1,FALSE,0,,
2008/8/3,7002.51416,0,-0.031945206,6815.293945,7196.472656,0.026736142,-0.027698408,1,FALSE,0,,
2008/8/10,7209.012695,0,0.029489199,7233.592773,6911.614258,-0.003409632,0.041253699,1,TRUE,0,,
2008/8/17,7196.472656,0,-0.001739495,7002.51416,7046.083984,0.026951884,0.020897553,0,FALSE,0,,
2008/8/24,6911.614258,0,-0.039583058,7209.012695,6307.255859,-0.043028796,0.087440991,1,TRUE,0,,
2008/8/31,7046.083984,0,0.019455618,7196.472656,6310.65625,-0.021343582,0.104373967,1,TRUE,0,,
2008/9/7,6307.255859,1,-0.10485656,6911.614258,5970.35791,-0.095819547,0.053414346,1,TRUE,0,,
2008/9/14,6310.65625,0,0.000539124,7046.083984,5929.60791,-0.116537442,0.06038173,1,TRUE,0,,
2008/9/21,5970.35791,0,-0.053924398,6307.255859,5742.208984,-0.056428434,0.03821361,1,TRUE,0,,
2008/9/28,5929.60791,0,-0.006825386,6310.65625,5130.69043,-0.064261979,0.13473361,1,TRUE,0,,
2008/10/5,5742.208984,0,-0.031603932,5970.35791,4960.380859,-0.039731909,0.136154593,1,TRUE,0,,
2008/10/12,5130.69043,0,-0.10649535,5929.60791,4579.603027,-0.155713445,0.107409989,1,TRUE,0,,
2008/10/19,4960.380859,0,-0.033194279,5742.208984,4870.641602,-0.157614536,0.018091203,1,TRUE,0,,
2008/10/26,4579.603027,0,-0.07676383,5130.69043,4742.3125,-0.120335191,-0.035529165,0,TRUE,1,,
2008/11/2,4870.641602,0,0.063551049,4960.380859,4452.683594,-0.018424525,0.085811694,1,TRUE,0,,
2008/11/9,4742.3125,0,-0.026347474,4579.603027,4171.083984,0.034310154,0.12045358,0,TRUE,-1,,
2008/11/16,4452.683594,0,-0.061073349,4870.641602,4460.473633,-0.093866541,-0.001749516,0,TRUE,0,,
2008/11/23,4171.083984,0,-0.063242672,4742.3125,4225.053711,-0.136949656,-0.012939017,0,TRUE,1,,
2008/11/30,4460.473633,0,0.069379962,4452.683594,4481.253418,0.00174646,-0.00465865,1,FALSE,0,,
2008/12/7,4225.053711,1,-0.052779131,4171.083984,4694.50293,0.012773737,-0.111110829,1,TRUE,0,,
2008/12/14,4481.253418,0,0.060638213,4460.473633,4425.063965,0.004637048,0.012538781,0,FALSE,0,,
2008/12/21,4694.50293,-1,0.047587024,4225.053711,4591.203125,0.099999771,0.022004418,0,TRUE,-1,,
2008/12/28,4425.063965,0,-0.057394567,4481.253418,4502.723633,-0.012697998,-0.017549954,0,FALSE,0,,
2009/1/4,4591.203125,0,0.03754503,4694.50293,4353.684082,-0.022499507,0.051733508,1,TRUE,0,,
2009/1/11,4502.723633,0,-0.019271526,4425.063965,4247.954102,0.017247265,0.056581205,0,TRUE,0,,
2009/1/18,4353.684082,0,-0.033099866,4591.203125,4592.48291,-0.054555875,-0.054849829,0,TRUE,0,,
2009/1/25,4247.954102,0,-0.024285175,4502.723633,4436.923828,-0.059974643,-0.044484879,0,TRUE,1,,
2009/2/15,4592.48291,0,0.027117688,4353.684082,4557.132813,0.051997761,0.007697382,0,TRUE,0,,
2009/2/22,4436.923828,0,-0.033872545,4247.954102,4653.612793,0.042590257,-0.048837657,1,TRUE,0,,
2009/3/1,4557.132813,0,0.027092867,4592.48291,4897.371582,-0.007757092,-0.074660709,0,TRUE,0,,
2009/3/8,4653.612793,0,0.021171202,4436.923828,4961.601074,0.0465636,-0.066182619,1,TRUE,0,,
2009/3/15,4897.371582,0,0.052380548,4557.132813,5390.679688,0.06947375,-0.100729156,1,TRUE,0,,
2009/3/22,4961.601074,0,0.013115095,4653.612793,5529.609375,0.062074374,-0.114480849,1,TRUE,0,,
2009/3/29,5390.679688,-1,0.08647987,4897.371582,5781.938965,0.0915113,-0.072580695,1,TRUE,0,,
2009/4/5,5529.609375,0,0.025772202,4961.601074,5755.358887,0.102721234,-0.04082558,1,TRUE,0,,
2009/4/12,5781.938965,0,0.045632444,5390.679688,5880.748047,0.067669216,-0.017089264,1,TRUE,0,,
2009/4/19,5755.358887,0,-0.004597087,5529.609375,5992.547363,0.039224228,-0.041211761,1,TRUE,0,,
2009/4/26,5880.748047,0,0.021786506,5781.938965,6583.845215,0.016802128,-0.119559138,1,TRUE,0,,
2009/5/3,5992.547363,0,0.019011071,5755.358887,6489.064941,0.039580576,-0.082855845,1,TRUE,0,,
2009/5/10,6583.845215,0,0.098672203,5880.748047,6737.26416,0.106791266,-0.023302332,1,TRUE,0,,
2009/5/17,6489.064941,0,-0.014395884,5992.547363,6890.414063,0.076516044,-0.06185007,1,TRUE,0,,
2009/5/24,6737.26416,0,0.038248842,6583.845215,6767.074219,0.022771698,-0.004424653,1,FALSE,0,,
2009/5/31,6890.414063,0,0.022731765,6489.064941,6448.205566,0.058247461,0.064177347,0,TRUE,-1,,
2009/6/7,6767.074219,0,-0.017900208,6737.26416,6231.126465,0.004405162,0.079199331,0,TRUE,0,,
2009/6/14,6448.205566,0,-0.047120608,6890.414063,6463.535645,-0.068578536,-0.002377418,0,TRUE,0,,
2009/6/21,6231.126465,0,-0.03366504,6767.074219,6665.374512,-0.086011375,-0.069690135,0,TRUE,1,,
2009/6/28,6463.535645,0,0.0372981,6448.205566,6769.833984,0.002371779,-0.047388667,1,TRUE,0,,
2009/7/5,6665.374512,0,0.031227316,6231.126465,6850.964355,0.065149835,-0.027843873,1,TRUE,0,,
2009/7/12,6769.833984,-1,0.015671958,6463.535645,6973.253906,0.045244586,-0.030047993,1,TRUE,0,,
2009/7/19,6850.964355,0,0.011984101,6665.374512,7077.683594,0.027089594,-0.03309304,1,TRUE,0,,
2009/7/26,6973.253906,0,0.017849976,6769.833984,6868.624023,0.029171449,0.015004456,0,FALSE,0,,
2009/8/2,7077.683594,0,0.014975747,6850.964355,7069.483887,0.032032972,0.00115853,0,TRUE,-1,,
2009/8/9,6868.624023,1,-0.029537852,6973.253906,6654.774414,-0.015233019,0.031134272,1,TRUE,0,,
2009/8/16,7069.483887,-1,0.029243101,7077.683594,6809.833984,-0.001159873,0.036728269,1,TRUE,0,,
2009/8/23,6654.774414,1,-0.058661916,6868.624023,7153.103027,-0.032134765,-0.074882871,0,TRUE,1,,
2009/8/30,6809.833984,0,0.0233005,7069.483887,7337.112305,-0.038128669,-0.077428954,0,TRUE,0,,
2009/9/6,7153.103027,0,0.050407843,6654.774414,7526.521484,0.069666075,-0.052203702,1,TRUE,0,,
2009/9/13,7337.112305,0,0.025724399,6809.833984,7345.192383,0.071864556,-0.001101261,1,TRUE,0,,
2009/9/20,7526.521484,-1,0.025815221,7153.103027,7411.852051,0.049613684,0.015235382,0,TRUE,0,,
2009/9/27,7345.192383,0,-0.024092019,7337.112305,7571.931152,0.00110005,-0.030869003,1,TRUE,0,,
2009/10/4,7411.852051,0,0.009075279,7526.521484,7715.071289,-0.01547109,-0.04091005,0,TRUE,0,,
2009/10/11,7571.931152,0,0.021597719,7345.192383,7649.250977,0.029944642,-0.010211375,1,FALSE,0,,
2009/10/18,7715.071289,0,0.018904046,7411.852051,7340.052246,0.039302195,0.04860863,0,TRUE,-1,,
2009/10/25,7649.250977,0,-0.008531394,7571.931152,7463.021973,0.010108156,0.024346044,0,FALSE,0,,
2009/11/1,7340.052246,0,-0.040422093,7715.071289,7665.601074,-0.051092149,-0.044352386,0,TRUE,1,,
2009/11/8,7463.021973,0,0.01675325,7649.250977,7682.941406,-0.024953565,-0.02946788,0,FALSE,0,,
2009/11/15,7665.601074,0,0.02714438,7340.052246,7490.882324,0.042468793,0.02279257,0,TRUE,-1,,
2009/11/22,7682.941406,0,0.002262097,7463.021973,7650.881348,0.02862438,0.004172889,0,FALSE,0,,
2009/11/29,7490.882324,1,-0.024998119,7665.601074,7795.041016,-0.023324188,-0.040603854,0,TRUE,1,,
2009/12/6,7650.881348,0,0.021359169,7682.941406,7753.601074,-0.004190374,-0.013425868,0,FALSE,0,,
2009/12/13,7795.041016,0,0.01884223,7490.882324,7972.55957,0.039019511,-0.022773267,1,TRUE,0,,
2009/12/20,7753.601074,0,-0.005316193,7650.881348,8188.079102,0.013248002,-0.056035644,1,TRUE,0,,
2009/12/27,7972.55957,0,0.028239588,7795.041016,8280.868164,0.022266193,-0.038671219,1,TRUE,0,,
2010/1/3,8188.079102,0,0.027032665,7753.601074,8356.857422,0.053062266,-0.020612688,1,TRUE,0,,
2010/1/10,8280.868164,0,0.011332214,7972.55957,7927.279785,0.037231434,0.042699433,0,TRUE,0,,
2010/1/17,8356.857422,-1,0.009176484,8188.079102,7640.411133,0.020196386,0.085731544,0,TRUE,-1,,
2010/1/24,7927.279785,0,-0.051404208,8280.868164,7217.802734,-0.044603999,0.089498172,1,TRUE,0,,
2010/1/31,7640.411133,0,-0.036187527,8356.857422,7441.812012,-0.093770646,0.025993251,1,TRUE,0,,
2010/2/7,7217.802734,0,-0.055312259,7927.279785,7666.230957,-0.098295434,-0.06212808,0,TRUE,1,,
2010/2/14,7441.812012,0,0.031035661,7640.411133,7748.30127,-0.026686931,-0.041184762,0,TRUE,-1,,
2010/3/7,7666.230957,0,0.030951648,7217.802734,7897.879883,0.058493962,-0.030216795,1,TRUE,0,,
2010/3/14,7748.30127,0,0.010705432,7441.812012,7876.830078,0.039555671,-0.016587998,1,TRUE,0,,
2010/3/21,7897.879883,0,0.019304698,7666.230957,8025.899414,0.02933052,-0.016209354,1,FALSE,0,,
2010/3/28,7876.830078,0,-0.002665248,7748.30127,8091.999023,0.016317326,-0.027316692,1,FALSE,0,,
2010/4/4,8025.899414,0,0.018925041,7897.879883,8111.539063,0.015950802,-0.010670411,1,FALSE,0,,
2010/4/11,8091.999023,0,0.008235788,7876.830078,8004.859375,0.026590333,0.010768618,0,FALSE,0,,
2010/4/18,8111.539063,0,0.002414736,8025.899414,8004.219238,0.010557756,0.013230513,0,FALSE,0,,
2010/4/25,8004.859375,0,-0.013151596,8091.999023,7567.071289,-0.010885844,0.054690291,1,TRUE,0,,
2010/5/2,8004.219238,0,-7.99686E-05,8111.539063,7772.101074,-0.013407907,0.028999476,1,FALSE,0,,
2010/5/9,7567.071289,1,-0.05461469,8004.859375,7237.682617,-0.057854363,0.043529215,1,TRUE,0,,
2010/5/16,7772.101074,0,0.027094998,8004.219238,7295.291992,-0.029865562,0.061348801,1,TRUE,0,,
2010/5/23,7237.682617,0,-0.068761131,7567.071289,7344.562012,-0.04551024,-0.014767074,0,TRUE,1,,
2010/5/30,7295.291992,0,0.007959644,7772.101074,7299.462402,-0.065358464,-0.000571658,0,TRUE,0,,
2010/6/6,7344.562012,0,0.006753673,7237.682617,7493.082031,0.014552181,-0.020221767,1,FALSE,0,,
2010/6/13,7299.462402,0,-0.006140545,7295.291992,7474.682129,0.000571331,-0.02400447,1,FALSE,0,,
2010/6/20,7493.082031,0,0.02652519,7344.562012,7330.712402,0.019820952,0.021669272,0,FALSE,0,,
2010/6/27,7474.682129,0,-0.002455585,7299.462402,7647.221191,0.023441763,-0.02308313,1,FALSE,0,,
2010/7/4,7330.712402,1,-0.019260983,7493.082031,7664.541016,-0.022149229,-0.045538359,0,TRUE,0,,
2010/7/11,7647.221191,0,0.04317572,7474.682129,7761.191406,0.022562321,-0.014903481,1,FALSE,0,,
2010/7/18,7664.541016,0,0.002264852,7330.712402,7760.601074,0.043554939,-0.012533048,1,TRUE,0,,
2010/7/25,7761.191406,0,0.012610069,7647.221191,7963.269531,0.014684629,-0.026036998,1,FALSE,0,,
2010/8/1,7760.601074,0,-7.6062E-05,7664.541016,7891.549805,0.012377915,-0.016873529,1,FALSE,0,,
2010/8/8,7963.269531,0,0.026115046,7761.191406,7927.279785,0.025376276,0.004519469,0,FALSE,0,,
2010/8/15,7891.549805,0,-0.009006317,7760.601074,7722.881348,0.016593538,0.021373299,0,FALSE,0,,
2010/8/22,7927.279785,0,0.004527625,7963.269531,7830.180664,-0.004539987,0.012248731,1,FALSE,0,,
2010/8/29,7722.881348,0,-0.025784184,7891.549805,7890.07959,-0.021840094,-0.021649723,0,FALSE,0,,
2010/9/5,7830.180664,0,0.01389369,7927.279785,8158.299316,-0.012400623,-0.041904353,0,TRUE,0,,
2010/9/12,7890.07959,0,0.00764975,7722.881348,8166.589355,0.021190945,-0.035045244,1,TRUE,0,,
2010/9/19,8158.299316,0,0.033994553,7830.180664,8244.147461,0.040219001,-0.010522799,1,TRUE,0,,
2010/9/26,8166.589355,0,0.001016148,7890.07959,8244.158203,0.033858659,-0.009498316,1,TRUE,0,,
2010/10/3,8244.147461,0,0.009497001,8158.299316,8205.267578,0.010413223,0.004716059,0,FALSE,0,,
2010/10/10,8244.158203,0,1.30298E-06,8166.589355,8168.029297,0.009408947,0.009234285,0,FALSE,0,,
2010/10/17,8205.267578,0,-0.004717355,8244.147461,8287.057617,-0.004738405,-0.009967992,0,FALSE,0,,
2010/10/24,8168.029297,0,-0.004538338,8244.158203,8449.307617,-0.009320352,-0.034436497,0,TRUE,0,,
2010/10/31,8287.057617,0,0.014572465,8205.267578,8316.017578,0.009869611,-0.003494601,1,FALSE,0,,
2010/11/7,8449.307617,0,0.019578722,8168.029297,8306.087891,0.033290103,0.016950469,0,TRUE,-1,,
2010/11/14,8316.017578,0,-0.015775262,8287.057617,8312.118164,0.003482431,0.000468904,0,FALSE,0,,
2010/11/21,8306.087891,0,-0.001194044,8449.307617,8623.977539,-0.017242741,-0.038271886,0,TRUE,0,,
2010/11/28,8312.118164,0,0.000726006,8316.017578,8718.797852,-0.000469124,-0.04892612,0,TRUE,0,,
2010/12/5,8623.977539,0,0.037518641,8306.087891,8817.868164,0.036861141,-0.022482738,1,TRUE,0,,
2010/12/12,8718.797852,0,0.010994963,8312.118164,8861.067383,0.046644009,-0.016317563,1,TRUE,0,,
2010/12/19,8817.868164,0,0.011362841,8623.977539,8972.466797,0.021988379,-0.017532427,1,FALSE,0,,
2010/12/26,8861.067383,0,0.004899055,8718.797852,8782.6875,0.016055575,0.008845422,0,FALSE,0,,
2011/1/2,8972.466797,0,0.012571783,8817.868164,8972.476563,0.017230338,-1.08844E-06,1,FALSE,0,,
2011/1/9,8782.6875,0,-0.021151296,8861.067383,8954.34668,-0.008924362,-0.019545177,0,FALSE,0,,
2011/1/16,8972.476563,0,0.021609452,8972.466797,9145.31543,1.08844E-06,-0.019263229,1,FALSE,0,,
2011/1/23,8954.34668,0,-0.002020611,8782.6875,8843.807617,0.019170486,0.012344738,0,FALSE,0,,
2011/1/30,9145.31543,-1,0.021326933,8972.476563,8599.618164,0.01889917,0.059669595,0,TRUE,-1,,
2011/2/20,8843.807617,-1,0.027175861,8954.34668,8784.368164,-0.012499035,0.006721025,1,FALSE,0,,
2011/2/27,8599.618164,0,-0.027611348,9145.31543,8567.788086,-0.063455988,0.003701336,1,TRUE,0,,
2011/3/6,8784.368164,0,0.021483512,8843.807617,8394.717773,-0.006766503,0.044357247,1,TRUE,0,,
2011/3/13,8567.788086,0,-0.024655169,8599.618164,8610.357422,-0.003715087,-0.004968533,0,FALSE,0,,
2011/3/20,8394.717773,0,-0.020200116,8784.368164,8705.097656,-0.046416139,-0.036973236,0,TRUE,1,,
2011/3/27,8610.357422,0,0.02568754,8567.788086,8894.506836,0.004943969,-0.033000885,1,TRUE,0,,
2011/4/3,8705.097656,0,0.011003055,8394.717773,8718.087891,0.035654957,-0.001492256,1,TRUE,0,,
2011/4/10,8894.506836,0,0.021758421,8610.357422,8969.396484,0.031946618,-0.008419764,1,TRUE,0,,
2011/4/17,8718.087891,0,-0.019834595,8705.097656,9007.836914,0.001490033,-0.033235387,1,TRUE,0,,
2011/4/24,8969.396484,0,0.028826114,8894.506836,8977.197266,0.008349463,-0.000869711,1,FALSE,0,,
2011/5/1,9007.836914,0,0.004285732,8718.087891,9006.577148,0.032166326,0.000139852,0,TRUE,0,,
2011/5/8,8977.197266,0,-0.003401443,8969.396484,8836.998047,0.000868955,0.015617259,0,FALSE,0,,
2011/5/15,9006.577148,0,0.003272723,9007.836914,8809.967773,-0.000139872,0.021829533,1,FALSE,0,,
2011/5/22,8836.998047,0,-0.018828363,8977.197266,9046.24707,-0.015865028,-0.023678745,0,FALSE,0,,
2011/5/29,8809.967773,0,-0.003058762,9006.577148,8837.788086,-0.022316696,-0.003157822,0,FALSE,0,,
2011/6/5,9046.24707,-1,0.026819542,8836.998047,8636.067383,0.023131031,0.045342525,0,TRUE,-1,,
2011/6/12,8837.788086,0,-0.023043698,8809.967773,8532.797852,0.003147882,0.034509793,0,TRUE,0,,
2011/6/19,8636.067383,0,-0.022824795,9046.24707,8739.788086,-0.047496119,-0.012010178,0,TRUE,0,,
2011/6/26,8532.797852,0,-0.011957935,8837.788086,8749.517578,-0.035743286,-0.025398437,0,TRUE,0,,
2011/7/3,8739.788086,0,0.02425819,8636.067383,8574.87793,0.011867645,0.018868896,0,FALSE,0,,
2011/7/10,8749.517578,0,0.001113241,8532.797852,8765.288086,0.024769334,-0.001802443,1,FALSE,0,,
2011/7/17,8574.87793,0,-0.019959917,8739.788086,8644.147461,-0.019231779,-0.008078194,0,FALSE,0,,
2011/7/24,8765.288086,0,0.022205582,8749.517578,7853.100098,0.0017992,0.104068227,0,TRUE,0,,
2011/7/31,8644.147461,0,-0.013820496,8574.87793,7636.991211,0.00801346,0.116513081,0,TRUE,0,,
2011/8/7,7853.100098,0,-0.091512479,8765.288086,7342.932129,-0.116156419,0.064963895,1,TRUE,0,,
2011/8/14,7636.991211,0,-0.027518927,8644.147461,7445.072266,-0.131878671,0.025130178,1,TRUE,0,,
2011/8/21,7342.932129,0,-0.038504573,7853.100098,7757.03125,-0.069477419,-0.056394246,0,TRUE,1,,
2011/8/28,7445.072266,0,0.013909993,7636.991211,7610.541016,-0.025777983,-0.022225271,0,FALSE,0,,
2011/9/4,7757.03125,0,0.041901404,7342.932129,7577.371094,0.053383712,0.023160943,0,TRUE,-1,,
2011/9/11,7610.541016,0,-0.018884832,7445.072266,7046.194336,0.021742048,0.074153293,0,TRUE,0,,
2011/9/18,7577.371094,0,-0.004358418,7757.03125,7225.352539,-0.023710091,0.046456555,1,TRUE,0,,
2011/9/25,7046.194336,0,-0.070100402,7610.541016,7211.932617,-0.080092409,-0.023521673,0,TRUE,1,,
2011/10/2,7225.352539,0,0.025426236,7577.371094,7358.052246,-0.048719914,-0.018365845,0,TRUE,0,,
2011/10/9,7211.932617,0,-0.001857338,7046.194336,7254.481934,0.022981119,-0.005899849,1,FALSE,0,,
2011/10/16,7358.052246,0,0.020260815,7225.352539,7616.03125,0.018034624,-0.035060774,1,TRUE,0,,
2011/10/23,7254.481934,0,-0.014075778,7211.932617,7603.201172,0.005865245,-0.048069489,1,TRUE,0,,
2011/10/30,7616.03125,0,0.049838061,7358.052246,7367.262207,0.033873155,0.032663868,0,TRUE,-1,,
2011/11/6,7603.201172,-1,-0.001684615,7254.481934,7233.752441,0.045864792,0.048591208,0,TRUE,0,,
2011/11/13,7367.262207,0,-0.03103153,7616.03125,6784.494141,-0.033766824,0.079102392,1,TRUE,0,,
2011/11/20,7233.752441,0,-0.018122033,7603.201172,7140.65332,-0.051072902,0.012870101,1,TRUE,0,,
2011/11/27,6784.494141,0,-0.062105844,7367.262207,6893.273926,-0.085897055,-0.016033588,0,TRUE,1,,
2011/12/4,7140.65332,0,0.052496055,7233.752441,6785.063965,-0.0130379,0.049797874,1,TRUE,0,,
2011/12/11,6893.273926,0,-0.034643804,6784.494141,7110.703613,0.015780569,-0.031542296,1,TRUE,0,,
2011/12/18,6785.063965,0,-0.015697905,7140.65332,7072.054199,-0.052407664,-0.042297351,0,TRUE,0,,
2011/12/25,7110.703613,0,0.0479936,6893.273926,7120.48291,0.030577802,-0.001375292,1,TRUE,0,,
2012/1/1,7072.054199,0,-0.005435385,6785.063965,7181.512695,0.040580887,-0.01547761,1,TRUE,0,,
2012/1/8,7120.48291,0,0.006847899,7110.703613,7233.662598,0.001373404,-0.015894946,1,FALSE,0,,
2012/1/15,7181.512695,0,0.008571018,7072.054199,7862.240234,0.015241705,-0.094788879,1,TRUE,0,,
2012/1/22,7233.662598,0,0.007261688,7120.48291,7894.32959,0.015646249,-0.091332293,1,TRUE,0,,
2012/2/12,7862.240234,0,0.02440127,7181.512695,7959.30957,0.08658188,-0.012346269,1,TRUE,0,,
2012/2/19,7894.32959,0,0.004081452,7233.662598,8144.009277,0.083688803,-0.031627725,1,TRUE,0,,
2012/2/26,7959.30957,0,0.008231222,7862.240234,8015.979004,0.012195698,-0.007119893,1,FALSE,0,,
2012/3/4,8144.009277,0,0.023205494,7894.32959,8054.90918,0.03065808,0.010940569,0,TRUE,-1,,
2012/3/11,8015.979004,0,-0.015720792,7959.30957,8076.579102,0.007069559,-0.007559912,1,FALSE,0,,
2012/3/18,8054.90918,0,0.004856572,8144.009277,7932.969727,-0.011061589,0.015138526,1,FALSE,0,,
2012/3/25,8076.579102,0,0.002690275,8015.979004,7706.230957,0.007503189,0.04585458,0,TRUE,0,,
2012/4/1,7932.969727,0,-0.017780966,8054.90918,7788.241211,-0.015371224,0.018243926,1,FALSE,0,,
2012/4/8,7706.230957,0,-0.028581827,8076.579102,7507.12207,-0.048058272,0.025837389,1,TRUE,0,,
2012/4/15,7788.241211,0,0.010642071,7932.969727,7480.472168,-0.018582952,0.039517143,1,TRUE,0,,
2012/4/22,7507.12207,0,-0.036095331,7706.230957,7700.921387,-0.026522665,-0.025815394,0,FALSE,0,,
2012/4/29,7480.472168,0,-0.003549949,7788.241211,7401.342285,-0.041142997,0.010578194,1,TRUE,0,,
2012/5/6,7700.921387,0,0.02946996,7507.12207,7151.163086,0.025165731,0.07138864,0,TRUE,0,,
2012/5/13,7401.342285,0,-0.038901722,7480.472168,7071.604004,-0.010691288,0.044551146,1,TRUE,0,,
2012/5/20,7151.163086,0,-0.033801869,7700.921387,7106.063477,-0.076876767,0.006306612,1,TRUE,0,,
2012/5/27,7071.604004,0,-0.011125335,7401.342285,6999.624023,-0.046628499,0.010178735,1,TRUE,0,,
2012/6/3,7106.063477,0,0.004872936,7151.163086,7155.803223,-0.006346638,-0.00699962,0,FALSE,0,,
2012/6/10,6999.624023,0,-0.01497868,7071.604004,7222.022461,-0.010283407,-0.031772912,0,TRUE,1,,
2012/6/17,7155.803223,0,0.022312513,7106.063477,7296.251953,0.006950966,-0.019627249,1,FALSE,0,,
2012/6/24,7222.022461,0,0.009253921,6999.624023,7368.562012,0.030794482,-0.020290653,1,TRUE,0,,
2012/7/1,7296.251953,0,0.010278214,7155.803223,7104.243652,0.019249435,0.026316018,0,FALSE,0,,
2012/7/8,7368.562012,0,0.009910576,7222.022461,7164.65332,0.01988713,0.027672793,0,FALSE,0,,
2012/7/15,7104.243652,0,-0.035871091,7296.251953,7124.463379,-0.027027269,-0.002846148,0,FALSE,0,,
2012/7/22,7164.65332,0,0.008503322,7368.562012,7217.482422,-0.028460371,-0.007373574,0,FALSE,0,,
2012/7/29,7124.463379,0,-0.005609475,7104.243652,7441.092285,0.00283807,-0.044442492,1,TRUE,0,,
2012/8/5,7217.482422,0,0.013056288,7164.65332,7467.89209,0.007319602,-0.034694877,1,TRUE,0,,
2012/8/12,7441.092285,0,0.030981698,7124.463379,7477.501953,0.042551402,-0.004893054,1,TRUE,0,,
2012/8/19,7467.89209,0,0.003601596,7217.482422,7397.032227,0.033531506,0.009488603,0,TRUE,0,,
2012/8/26,7477.501953,0,0.001286824,7441.092285,7424.882324,0.004869229,0.00703706,0,FALSE,0,,
2012/9/2,7397.032227,0,-0.010761579,7467.89209,7738.020996,-0.009579499,-0.046098051,0,TRUE,0,,
2012/9/9,7424.882324,0,0.003765037,7477.501953,7754.561035,-0.007086931,-0.044401877,0,TRUE,0,,
2012/9/16,7738.020996,0,0.042174227,7397.032227,7715.131348,0.044066664,0.002958075,0,TRUE,0,,
2012/9/23,7754.561035,0,0.002137502,7424.882324,7690.621094,0.042514168,0.008245462,0,TRUE,-1,,
2012/9/30,7715.131348,0,-0.005084709,7738.020996,7437.012207,-0.002966851,0.03604853,1,TRUE,0,,
2012/10/7,7690.621094,0,-0.003176907,7754.561035,7408.731934,-0.008314015,0.036653627,1,TRUE,0,,
2012/10/14,7437.012207,0,-0.032976386,7715.131348,7134.033203,-0.037396623,0.040739345,1,TRUE,0,,
2012/10/21,7408.731934,0,-0.003802639,7690.621094,7210.442871,-0.038048233,0.026764238,1,TRUE,0,,
2012/10/28,7134.033203,0,-0.037077699,7437.012207,7293.192383,-0.042469525,-0.022309846,0,TRUE,0,,
2012/11/4,7210.442871,0,0.010710585,7408.731934,7130.042969,-0.027500261,0.01115048,1,FALSE,0,,
2012/11/11,7293.192383,0,0.011476343,7134.033203,7325.981934,0.021822978,-0.004495912,1,FALSE,0,,
2012/11/18,7130.042969,0,-0.022370096,7210.442871,7580.141113,-0.011276216,-0.063126989,0,TRUE,1,,
2012/11/25,7325.981934,0,0.027480755,7293.192383,7642.230957,0.004475789,-0.043168141,1,TRUE,0,,
2012/12/2,7580.141113,0,0.034692848,7130.042969,7698.741211,0.059378597,-0.01564616,1,TRUE,0,,
2012/12/9,7642.230957,0,0.00819112,7325.981934,7519.901855,0.041381767,0.016006988,0,TRUE,0,,
2012/12/16,7698.741211,0,0.007394471,7580.141113,7699.471191,0.015405129,-9.48181E-05,1,FALSE,0,,
2012/12/23,7519.901855,0,-0.023229688,7642.230957,7805.961426,-0.01626738,-0.038040333,0,TRUE,0,,
2012/12/30,7699.471191,0,0.023879213,7698.741211,7819.121094,9.48091E-05,-0.015540016,1,FALSE,0,,
2013/1/6,7805.961426,0,0.013830851,7519.901855,7732.841309,0.036646296,0.009367215,0,TRUE,0,,
2013/1/13,7819.121094,0,0.001685848,7699.471191,7672.55127,0.015302219,0.018745051,0,FALSE,0,,
2013/1/20,7732.841309,0,-0.011034461,7805.961426,7855.94043,-0.009455789,-0.015919003,0,FALSE,0,,
2013/1/27,7672.55127,0,-0.007796622,7819.121094,7906.619629,-0.01910314,-0.030507239,0,TRUE,0,,
2013/2/3,7855.94043,0,0.023901979,7732.841309,7964.599609,0.015669559,-0.013831467,1,FALSE,0,,
2013/2/10,7906.619629,0,0.006451067,7672.55127,8015.109375,0.0296041,-0.013721382,1,FALSE,0,,
2013/3/3,7964.599609,0,0.00212762,7855.94043,7927.459961,0.013642767,0.00466309,0,FALSE,0,,
2013/3/10,8015.109375,0,0.006341783,7906.619629,7796.191406,0.013535654,0.027313161,0,FALSE,0,,
2013/3/17,7927.459961,0,-0.010935523,7964.599609,7918.57959,-0.004684937,0.001120204,1,FALSE,0,,
2013/3/24,7796.191406,0,-0.016558716,8015.109375,7942.319824,-0.028080117,-0.018743565,0,FALSE,0,,
2013/3/31,7918.57959,0,0.015698458,7927.459961,7821.600586,-0.00112146,0.01224702,1,FALSE,0,,
2013/4/7,7942.319824,0,0.002998042,7796.191406,7930.769531,0.018398707,0.001454272,0,FALSE,0,,
2013/4/14,7821.600586,0,-0.015199493,7918.57959,8022.029297,-0.012398869,-0.025625025,0,FALSE,0,,
2013/4/21,7930.769531,0,0.013957366,7942.319824,8134.999023,-0.00145639,-0.025751535,0,FALSE,0,,
2013/4/28,8022.029297,0,0.011507051,7821.600586,8280.227539,0.024984789,-0.03218615,1,TRUE,0,,
2013/5/5,8134.999023,0,0.014082437,7930.769531,8368.158203,0.025105042,-0.028661243,1,FALSE,0,,
2013/5/12,8280.227539,0,0.017852309,8022.029297,8209.748047,0.031182506,0.008511782,0,TRUE,-1,,
2013/5/19,8368.158203,0,0.010619354,8134.999023,8254.767578,0.027862664,0.013550249,0,FALSE,0,,
2013/5/26,8209.748047,0,-0.01893011,8280.227539,8095.169434,-0.008584854,0.01395641,1,FALSE,0,,
2013/6/2,8254.767578,0,0.005483668,8368.158203,7937.709961,-0.01373638,0.03840903,1,TRUE,0,,
2013/6/9,8095.169434,0,-0.019334057,8209.748047,7793.28125,-0.014153949,0.037292386,1,TRUE,0,,
2013/6/16,7937.709961,0,-0.019451041,8254.767578,8062.179199,-0.03994321,-0.015680749,0,TRUE,0,,
2013/6/23,7793.28125,0,-0.018195262,8095.169434,8001.789063,-0.038736981,-0.026754817,0,TRUE,1,,
2013/6/30,8062.179199,0,0.034503817,7937.709961,8220.458008,0.015438659,-0.019632261,1,FALSE,0,,
2013/7/7,8001.789063,0,-0.007490547,7793.28125,8061.999023,0.026057649,-0.007524562,1,FALSE,0,,
2013/7/14,8220.458008,0,0.027327507,8062.179199,8149.369141,0.019254257,0.008647799,0,FALSE,0,,
2013/7/21,8061.999023,0,-0.019276175,8001.789063,8099.849121,0.007468366,-0.004694878,1,FALSE,0,,
2013/7/28,8149.369141,0,0.010837277,8220.458008,7856.110352,-0.008723236,0.035985459,1,TRUE,0,,
2013/8/4,8099.849121,0,-0.006076546,8061.999023,7924.969727,0.004672939,0.021590451,0,FALSE,0,,
2013/8/11,7856.110352,0,-0.030091767,8149.369141,7873.280273,-0.037328751,-0.00218555,0,TRUE,0,,
2013/8/18,7924.969727,0,0.008765072,8099.849121,8021.859375,-0.022066885,-0.01222587,0,FALSE,0,,
2013/8/25,7873.280273,0,-0.006522353,7856.110352,8164.169434,0.002180784,-0.036946374,1,TRUE,0,,
2013/9/1,8021.859375,0,0.018871309,7924.969727,8168.169434,0.012078203,-0.018238921,1,FALSE,0,,
2013/9/8,8164.169434,0,0.017740283,7873.280273,8209.147461,0.035629976,-0.005509198,1,TRUE,0,,
2013/9/15,8168.169434,0,0.000489946,8021.859375,8230.647461,0.017912221,-0.007648963,1,FALSE,0,,
2013/9/22,8209.147461,0,0.005016794,8164.169434,8364.517578,0.005479013,-0.018926462,1,FALSE,0,,
2013/9/29,8230.647461,0,0.00261903,8168.169434,8349.337891,0.007590901,-0.014420546,1,FALSE,0,,
2013/10/6,8364.517578,0,0.016264834,8209.147461,8441.158203,0.018574905,-0.009162588,1,FALSE,0,,
2013/10/13,8349.337891,0,-0.001814771,8230.647461,8346.587891,0.01421555,0.000329367,0,FALSE,0,,
2013/10/20,8441.158203,-1,0.010997317,8364.517578,8388.147461,0.009079397,0.006280032,0,FALSE,0,,
2013/10/27,8346.587891,0,-0.011203476,8349.337891,8229.557617,-0.000329476,0.014021331,1,FALSE,0,,
2013/11/3,8388.147461,0,0.004979229,8441.158203,8177.089355,-0.00631972,0.025161468,1,FALSE,0,,
2013/11/10,8229.557617,0,-0.018906421,8346.587891,8116.749023,-0.014220725,0.013707735,1,FALSE,0,,
2013/11/17,8177.089355,0,-0.006375587,8388.147461,8406.797852,-0.025810909,-0.028091719,0,FALSE,0,,
2013/11/24,8116.749023,0,-0.007379194,8229.557617,8367.6875,-0.013898248,-0.030916131,0,TRUE,0,,
2013/12/1,8406.797852,0,0.035734606,8177.089355,8376.908203,0.027324137,0.003555414,0,FALSE,0,,
2013/12/8,8367.6875,0,-0.004652229,8116.749023,8408.498047,0.029988988,-0.00487716,1,FALSE,0,,
2013/12/15,8376.908203,0,0.001101942,8406.797852,8535.007813,-0.0035681,-0.018873265,0,FALSE,0,,
2013/12/22,8408.498047,0,0.003771062,8367.6875,8546.507813,0.004853488,-0.016413129,1,FALSE,0,,
2013/12/29,8535.007813,0,0.015045465,8376.908203,8529.317383,0.018523663,0.000666716,0,FALSE,0,,
2014/1/5,8546.507813,0,0.001347392,8408.498047,8595.967773,0.016148089,-0.005787154,1,FALSE,0,,
2014/1/12,8529.317383,0,-0.002011398,8535.007813,8598.277344,-0.000667161,-0.00808505,0,FALSE,0,,
2014/1/19,8595.967773,0,0.00781427,8546.507813,8462.538086,0.005753856,0.015522358,0,FALSE,0,,
2014/1/26,8598.277344,0,0.000268681,8529.317383,8387.317383,0.008020207,0.024535143,0,FALSE,0,,
2014/2/2,8462.538086,0,-0.015786797,8595.967773,8513.647461,-0.0157671,-0.006039485,0,FALSE,0,,
2014/2/9,8387.317383,0,-0.008888669,8598.277344,8601.828125,-0.025152257,-0.025575608,0,FALSE,0,,
2014/2/16,8513.647461,0,0.015062036,8462.538086,8639.547852,0.006003229,-0.014788067,1,FALSE,0,,
2014/2/23,8601.828125,0,0.010357566,8387.317383,8713.927734,0.024937808,-0.013032068,1,FALSE,0,,
2014/3/2,8639.547852,0,0.004385083,8513.647461,8687.597656,0.014572567,-0.005561611,1,FALSE,0,,
2014/3/9,8713.927734,0,0.008609233,8601.828125,8577.137695,0.012864418,0.015697862,0,FALSE,0,,
2014/3/16,8687.597656,0,-0.003021608,8639.547852,8774.607422,0.005530851,-0.0100154,1,FALSE,0,,
2014/3/23,8577.137695,0,-0.012714673,8713.927734,8888.506836,-0.015948215,-0.03630222,0,TRUE,0,,
2014/3/30,8774.607422,0,0.0230228,8687.597656,8908.016602,0.009916086,-0.015204006,1,FALSE,0,,
2014/4/6,8888.506836,0,0.012980571,8577.137695,8966.626953,0.035030534,-0.008788891,1,TRUE,0,,
2014/4/13,8908.016602,0,0.002194943,8774.607422,8774.087891,0.014976306,0.015034627,0,FALSE,0,,
2014/4/20,8966.626953,0,0.006579506,8888.506836,8867.288086,0.008712319,0.011078733,0,FALSE,0,,
2014/4/27,8774.087891,0,-0.021472853,8908.016602,8889.657227,-0.015264118,-0.013171664,0,FALSE,0,,
2014/5/4,8867.288086,0,0.010622209,8966.626953,8888.416992,-0.011202846,-0.002382792,0,FALSE,0,,
2014/5/11,8889.657227,0,0.002522659,8774.087891,9008.186523,0.013000427,-0.013333393,1,FALSE,0,,
2014/5/18,8888.416992,0,-0.000139514,8867.288086,9075.875977,0.002377128,-0.021090255,1,FALSE,0,,
2014/5/25,9008.186523,0,0.013474788,8889.657227,9134.425781,0.013157953,-0.014013837,1,FALSE,0,,
2014/6/1,9075.875977,0,0.007514215,8888.416992,9196.355469,0.020654644,-0.013274696,1,FALSE,0,,
2014/6/8,9134.425781,0,0.006451146,9008.186523,9273.755859,0.013820164,-0.015253294,1,FALSE,0,,
2014/6/15,9196.355469,0,0.006779812,9075.875977,9306.795898,0.013100787,-0.012009152,1,FALSE,0,,
2014/6/22,9273.755859,0,0.00841642,9134.425781,9510.014648,0.015024126,-0.025476063,1,FALSE,0,,
2014/6/29,9306.795898,0,0.003562746,9196.355469,9495.804688,0.011866643,-0.020308685,1,FALSE,0,,
2014/7/6,9510.014648,0,0.021835522,9273.755859,9400.935547,0.024843157,0.011469919,0,FALSE,0,,
2014/7/13,9495.804688,0,-0.00149421,9306.795898,9439.255859,0.019904452,0.005955138,0,FALSE,0,,
2014/7/20,9400.935547,0,-0.009990637,9510.014648,9266.475586,-0.011603005,0.014302828,1,FALSE,0,,
2014/7/27,9439.255859,0,0.004076223,9495.804688,9085.925781,-0.005990814,0.037431984,1,TRUE,0,,
2014/8/3,9266.475586,0,-0.018304438,9400.935547,9206.775391,-0.014510367,0.0064426,1,FALSE,0,,
2014/8/10,9085.925781,1,-0.019484194,9439.255859,9380.06543,-0.038887625,-0.032373107,0,TRUE,-1,,
2014/8/17,9206.775391,0,0.013300748,9266.475586,9436.235352,-0.006484376,-0.024922945,0,FALSE,0,,
2014/8/24,9380.06543,0,0.018822012,9085.925781,9407.90625,0.031357953,-0.002968084,1,TRUE,0,,
2014/8/31,9436.235352,0,0.005988223,9206.775391,9223.145508,0.024316897,0.022582082,0,FALSE,0,,
2014/9/7,9407.90625,0,-0.003002161,9380.06543,9240.416016,0.0029593,0.017803136,0,FALSE,0,,
2014/9/14,9223.145508,0,-0.01963888,9436.235352,8989.787109,-0.023103815,0.02530139,1,FALSE,0,,
2014/9/21,9240.416016,0,0.001872518,9407.90625,9106.246094,-0.018125833,0.014519901,1,FALSE,0,,
2014/9/28,8989.787109,0,-0.027123119,9223.145508,8966.407227,-0.025958167,0.002600716,1,FALSE,0,,
2014/10/5,9106.246094,0,0.012954588,9240.416016,8512.847656,-0.014733834,0.065163892,1,TRUE,0,,
2014/10/12,8966.407227,0,-0.015356368,8989.787109,8645.977539,-0.002607497,0.035736687,1,TRUE,0,,
2014/10/19,8512.847656,1,-0.050584315,9106.246094,8974.726563,-0.069706221,-0.054256687,0,TRUE,1,,
2014/10/26,8645.977539,0,0.015638701,8966.407227,8912.586914,-0.037061129,-0.030836233,0,TRUE,0,,
2014/11/2,8974.726563,0,0.038023349,8512.847656,8982.84668,0.051464399,-0.000904776,1,TRUE,0,,
2014/11/9,8912.586914,0,-0.006923849,8645.977539,9091.496094,0.029913804,-0.020073766,1,FALSE,0,,
2014/11/16,8982.84668,0,0.007883207,8974.726563,9187.116211,0.000903958,-0.022739955,1,FALSE,0,,
2014/11/23,9091.496094,0,0.01209521,8912.586914,9206.536133,0.019678739,-0.012653587,1,FALSE,0,,
2014/11/30,9187.116211,0,0.010517534,8982.84668,9027.296875,0.022234347,0.017396029,0,FALSE,0,,
2014/12/7,9206.536133,0,0.002113821,9091.496094,8999.486328,0.012495475,0.022489436,0,FALSE,0,,
2014/12/14,9027.296875,0,-0.019468697,9187.116211,9214.036133,-0.017704008,-0.020686066,0,FALSE,0,,
2014/12/21,8999.486328,0,-0.003080717,9206.536133,9307.225586,-0.023006847,-0.034195203,0,TRUE,0,,
2014/12/28,9214.036133,0,0.023840228,9027.296875,9215.545898,0.020266825,-0.000163855,1,FALSE,0,,
2015/1/4,9307.225586,0,0.010113858,8999.486328,9138.255859,0.033064553,0.018154683,0,TRUE,0,,
2015/1/11,9215.545898,0,-0.009850378,9214.036133,9470.905273,0.000163828,-0.027709631,1,FALSE,0,,
2015/1/18,9138.255859,0,-0.008386919,9307.225586,9361.875977,-0.018490369,-0.024470766,0,FALSE,0,,
2015/1/25,9470.905273,0,0.036401849,9215.545898,9456.144531,0.02696251,0.001558535,0,FALSE,0,,
2015/2/1,9361.875977,0,-0.011512025,9138.255859,9529.474609,0.023886251,-0.017902249,1,FALSE,0,,
2015/2/8,9456.144531,0,0.010069409,9470.905273,9645.733398,-0.001560968,-0.020049278,0,FALSE,0,,
2015/2/15,9529.474609,0,0.007754754,9361.875977,9579.313477,0.017587395,-0.00522997,1,FALSE,0,,
2015/3/8,9645.733398,0,0.002459963,9456.144531,9749.65332,0.019655205,-0.010773667,1,FALSE,0,,
2015/3/15,9579.313477,0,-0.006885938,9529.474609,9503.68457,0.00520276,0.007895024,0,FALSE,0,,
2015/3/22,9749.65332,0,0.017782051,9645.733398,9600.28418,0.010658833,0.015320457,0,FALSE,0,,
2015/3/29,9503.68457,0,-0.025228461,9579.313477,9617.664063,-0.007957851,-0.01199319,0,FALSE,0,,
2015/4/5,9600.28418,0,0.010164438,9749.65332,9570.893555,-0.015558825,0.003061433,1,FALSE,0,,
2015/4/12,9617.664063,0,0.001810351,9503.68457,9913.243164,0.011851058,-0.030732941,1,TRUE,0,,
2015/4/19,9570.893555,0,-0.00486298,9600.28418,9820.012695,-0.003070834,-0.026028828,0,FALSE,0,,
2015/4/26,9913.243164,0,0.035769869,9617.664063,9691.962891,0.029816589,0.022321683,0,FALSE,0,,
2015/5/3,9820.012695,0,-0.009404639,9570.893555,9579.444336,0.025368515,0.024497765,0,FALSE,0,,
2015/5/10,9691.962891,0,-0.013039678,9913.243164,9638.763672,-0.022831317,0.005489004,1,FALSE,0,,
2015/5/17,9579.444336,0,-0.01160947,9820.012695,9701.033203,-0.025112976,-0.012692685,0,FALSE,0,,
2015/5/24,9638.763672,0,0.006192357,9691.962891,9340.095703,-0.005519299,0.030986128,1,TRUE,0,,
2015/5/31,9701.033203,0,0.006460323,9579.444336,9301.895508,0.0125336,0.041143834,0,TRUE,-1,,
2015/6/7,9340.095703,0,-0.037206089,9638.763672,9218.335938,-0.031976971,0.013036244,1,TRUE,0,,
2015/6/14,9301.895508,0,-0.004089915,9701.033203,9462.535156,-0.042909286,-0.017269561,0,TRUE,0,,
2015/6/21,9218.335938,0,-0.008983069,9340.095703,9358.196289,-0.013208432,-0.015171974,0,FALSE,0,,
2015/6/28,9462.535156,0,0.026490597,9301.895508,8914.09668,0.016976386,0.057958937,0,TRUE,0,,
2015/7/5,9358.196289,0,-0.011026524,9218.335938,9045.947266,0.014945225,0.033366368,0,TRUE,0,,
2015/7/12,8914.09668,0,-0.047455684,9462.535156,8767.828125,-0.061524852,0.016408679,1,TRUE,0,,
2015/7/19,9045.947266,0,0.014791245,9358.196289,8665.307617,-0.034518112,0.042078473,1,TRUE,0,,
2015/7/26,8767.828125,0,-0.030745165,8914.09668,8442.257813,-0.016682416,0.037132378,1,TRUE,0,,
2015/8/2,8665.307617,0,-0.011692805,9045.947266,8305.607422,-0.043926848,0.041510378,1,TRUE,0,,
2015/8/9,8442.257813,0,-0.025740552,8767.828125,7786.891113,-0.038564365,0.077629316,1,TRUE,0,,
2015/8/16,8305.607422,0,-0.016186475,8665.307617,8019.149414,-0.043308114,0.034489712,1,TRUE,0,,
2015/8/23,7786.891113,0,-0.062453748,8442.257813,8000.569336,-0.084162818,-0.027440762,0,TRUE,1,,
2015/8/30,8019.149414,0,0.029826833,8305.607422,8305.788086,-0.035721745,-0.035744274,0,TRUE,0,,
2015/9/6,8000.569336,0,-0.002316964,7786.891113,8462.107422,0.026707877,-0.057688155,1,TRUE,0,,
2015/9/13,8305.788086,0,0.038149629,8019.149414,8132.319336,0.034510713,0.020885285,0,TRUE,0,,
2015/9/20,8462.107422,-1,0.01882053,8000.569336,8304.998047,0.054541743,0.018566223,0,TRUE,-1,,
2015/9/27,8132.319336,0,-0.038972335,8305.788086,8445.927734,-0.021330784,-0.038563217,0,TRUE,1,,
2015/10/4,8304.998047,0,0.021233636,8462.107422,8604.917969,-0.018917449,-0.036113184,0,TRUE,0,,
2015/10/11,8445.927734,0,0.016969262,8132.319336,8673.777344,0.037131314,-0.026977452,1,TRUE,0,,
2015/10/18,8604.917969,0,0.018824484,8304.998047,8554.277344,0.034854478,0.005885079,0,TRUE,-1,,
2015/10/25,8673.777344,0,0.008002328,8445.927734,8693.538086,0.026268787,-0.002278216,1,FALSE,0,,
2015/11/1,8554.277344,0,-0.013777158,8604.917969,8329.467773,-0.005919919,0.02628037,1,FALSE,0,,
2015/11/8,8693.538086,0,0.016279662,8673.777344,8465.417969,0.002273038,0.026240193,0,FALSE,0,,
2015/11/15,8329.467773,0,-0.041878267,8554.277344,8398.368164,-0.026989668,-0.008271884,0,FALSE,0,,
2015/11/22,8465.417969,0,0.016321595,8693.538086,8398.567383,-0.026947295,0.007896903,1,FALSE,0,,
2015/11/29,8398.368164,0,-0.007920436,8329.467773,8115.859375,0.008204021,0.033638534,0,TRUE,0,,
2015/12/6,8398.567383,0,2.37212E-05,8465.417969,8257.288086,-0.007959761,0.016821833,1,FALSE,0,,
2015/12/13,8115.859375,0,-0.033661456,8398.368164,8363.248047,-0.034809473,-0.030482129,0,TRUE,1,,
2015/12/20,8257.288086,0,0.017426215,8398.567383,8338.027344,-0.017109649,-0.009777939,0,FALSE,0,,
2015/12/27,8363.248047,0,0.012832296,8115.859375,7893.939941,0.029580454,0.056115531,0,TRUE,-1,,
2016/1/3,8338.027344,0,-0.003015659,8257.288086,7761.980957,0.009683257,0.069086651,0,TRUE,0,,
2016/1/10,7893.939941,0,-0.053260488,8363.248047,7756.151367,-0.059451695,0.017454981,1,TRUE,0,,
2016/1/17,7761.980957,0,-0.016716492,8338.027344,8080.569336,-0.074213837,-0.041044726,0,TRUE,0,,
2016/1/24,7756.151367,0,-0.000751044,7893.939941,8062.972168,-0.01776507,-0.039558382,0,TRUE,1,,
2016/1/31,8080.569336,0,0.041827184,7761.980957,8411.140625,0.039426477,-0.040909406,1,TRUE,0,,
2016/2/7,8062.972168,0,-0.002177714,7756.151367,8643.530273,0.038053065,-0.07200299,1,TRUE,0,,
2016/2/28,8411.140625,0,0.010344733,8080.569336,8706.120117,0.039301601,-0.035070094,1,TRUE,0,,
2016/3/6,8643.530273,0,0.027628791,8062.972168,8810.69043,0.067166781,-0.019339338,1,TRUE,0,,
2016/3/13,8706.120117,0,0.007241236,8411.140625,8704.950195,0.033881854,0.000134379,0,TRUE,-1,,
2016/3/20,8810.69043,0,0.012011127,8643.530273,8657.530273,0.018972424,0.017383446,0,FALSE,0,,
2016/3/27,8704.950195,0,-0.012001356,8706.120117,8541.480469,-0.000134397,0.018778939,1,FALSE,0,,
2016/4/3,8657.530273,0,-0.005447466,8810.69043,8700.370117,-0.017690976,-0.004948275,0,FALSE,0,,
2016/4/10,8541.480469,0,-0.013404493,8704.950195,8535.730469,-0.019138336,0.000673185,1,FALSE,0,,
2016/4/17,8700.370117,-1,0.01860212,8657.530273,8377.880859,0.004923911,0.037066154,0,TRUE,0,,
2016/4/24,8535.730469,0,-0.018923292,8541.480469,8146.411621,-0.000673639,0.04561049,1,TRUE,0,,
2016/5/1,8377.880859,0,-0.018492806,8700.370117,8053.671387,-0.038492939,0.038698267,1,TRUE,0,,
2016/5/8,8146.411621,0,-0.027628614,8535.730469,8131.241211,-0.047790225,0.00186222,1,TRUE,0,,
2016/5/15,8053.671387,1,-0.011384182,8377.880859,8463.59082,-0.040256109,-0.050898455,0,TRUE,1,,
2016/5/22,8131.241211,0,0.00963161,8146.411621,8587.34082,-0.001865694,-0.056092249,0,TRUE,0,,
2016/5/29,8463.59082,0,0.040873171,8053.671387,8715.460938,0.048433276,-0.02975925,1,TRUE,0,,
2016/6/5,8587.34082,0,0.014621454,8131.241211,8568.067383,0.05311302,0.002244401,0,TRUE,0,,
2016/6/12,8715.460938,-1,0.01491965,8463.59082,8476.977539,0.028899231,0.027363257,0,FALSE,0,,
2016/6/19,8568.067383,0,-0.016911734,8587.34082,8738.227539,-0.00224945,-0.019859806,0,FALSE,0,,
2016/6/26,8476.977539,0,-0.010631317,8715.460938,8640.897461,-0.02813307,-0.019337072,0,FALSE,0,,
2016/7/3,8738.227539,0,0.030818768,8568.067383,8949.835938,0.019473075,-0.024216398,1,FALSE,0,,
2016/7/10,8640.897461,0,-0.011138423,8476.977539,9013.125977,0.018970243,-0.04307753,1,TRUE,0,,
2016/7/17,8949.835938,0,0.035753054,8738.227539,8984.396484,0.02364383,-0.003861584,1,FALSE,0,,
2016/7/24,9013.125977,0,0.007071642,8640.897461,9092.106445,0.041298493,-0.008762827,1,TRUE,0,,
2016/7/31,8984.396484,0,-0.003187517,8949.835938,9150.375977,0.00384673,-0.018474195,1,FALSE,0,,
2016/8/7,9092.106445,0,0.011988558,9013.125977,9034.255859,0.008686707,0.006362726,0,FALSE,0,,
2016/8/14,9150.375977,0,0.006408804,8984.396484,9131.706055,0.01813909,0.002040345,0,FALSE,0,,
2016/8/21,9034.255859,0,-0.012690202,9092.106445,8987.537109,-0.00640347,0.005171289,1,FALSE,0,,
2016/8/28,9131.706055,0,0.010786743,9150.375977,9164.867188,-0.002044516,-0.003631428,0,FALSE,0,,
2016/9/4,8987.537109,0,-0.015787734,9034.255859,8902.287109,-0.00519817,0.009485357,1,FALSE,0,,
2016/9/11,9164.867188,0,0.019730664,9131.706055,9284.607422,0.003618288,-0.013065136,1,FALSE,0,,
2016/9/18,8902.287109,1,-0.028650724,8987.537109,9166.836914,-0.009576191,-0.029717061,0,FALSE,0,,
2016/9/25,9284.607422,0,0.042946302,9164.867188,9265.796875,0.012896639,0.002025993,0,FALSE,0,,
2016/10/2,9166.836914,0,-0.01268449,8902.287109,9165.157227,0.028859443,0.000183235,0,FALSE,0,,
2016/10/9,9265.796875,0,0.010795432,9284.607422,9306.557617,-0.002030106,-0.004399054,0,FALSE,0,,
2016/10/16,9165.157227,0,-0.010861413,9166.836914,9306.907227,-0.000183269,-0.015466183,0,FALSE,0,,
2016/10/23,9306.557617,0,0.015428038,9265.796875,9068.137695,0.004379787,0.025618487,0,FALSE,0,,
2016/10/30,9306.907227,0,3.7566E-05,9165.157227,8957.74707,0.015230624,0.037516239,0,TRUE,-1,,
2016/11/6,9068.137695,0,-0.025655089,9306.557617,9008.777344,-0.026292049,0.006546035,1,FALSE,0,,
2016/11/13,8957.74707,0,-0.012173461,9306.907227,9159.057617,-0.038978568,-0.022473346,0,TRUE,1,,
2016/11/20,9008.777344,0,0.005696775,9068.137695,9189.483398,-0.006589168,-0.020058888,0,FALSE,0,,
2016/11/27,9159.057617,0,0.016681539,8957.74707,9392.672852,0.021979395,-0.025506471,1,FALSE,0,,
2016/12/4,9189.483398,0,0.003321934,9008.777344,9326.773438,0.019664441,-0.014939908,1,FALSE,0,,
2016/12/11,9392.672852,0,0.022111086,9159.057617,9078.632813,0.024872072,0.033434576,0,TRUE,-1,,
2016/12/18,9326.773438,0,-0.007016045,9189.483398,9253.493164,0.014719993,0.00785698,0,FALSE,0,,
2016/12/25,9078.632813,0,-0.026605195,9392.672852,9372.212891,-0.034591116,-0.032337477,0,TRUE,1,,
2017/1/1,9253.493164,0,0.019260648,9326.773438,9378.823242,-0.007919201,-0.013544083,0,FALSE,0,,
2017/1/8,9372.212891,0,0.01282972,9078.632813,9331.453125,0.031324521,0.004349001,0,TRUE,0,,
2017/1/15,9378.823242,0,0.000705314,9253.493164,9447.943359,0.013363092,-0.007369807,1,FALSE,0,,
2017/1/22,9331.453125,0,-0.005050753,9372.212891,9455.552734,-0.004367998,-0.013299066,0,FALSE,0,,
2017/1/29,9447.943359,0,0.012483611,9378.823242,9665.583008,0.00731589,-0.023035664,1,FALSE,0,,
2017/2/5,9455.552734,0,0.0008054,9331.453125,9759.75293,0.013124522,-0.032171593,1,TRUE,0,,
2017/2/12,9665.583008,0,0.022212374,9447.943359,9750.462891,0.022516971,-0.008781662,1,FALSE,0,,
2017/2/19,9759.75293,0,0.009742808,9455.552734,9648.203125,0.031168842,0.011429573,0,TRUE,0,,
2017/2/26,9750.462891,0,-0.000951872,9665.583008,9627.882813,0.008705216,0.012571719,0,FALSE,0,,
2017/3/5,9648.203125,0,-0.010487683,9759.75293,9908.683594,-0.011561718,-0.026997822,0,FALSE,0,,
2017/3/12,9627.882813,0,-0.002106124,9750.462891,9902.973633,-0.012731779,-0.028572307,0,FALSE,0,,
2017/3/19,9908.683594,0,0.029165372,9648.203125,9811.512695,0.0262881,0.009806641,0,FALSE,0,,
2017/3/26,9902.973633,0,-0.000576258,9627.882813,9873.363281,0.027778608,0.002990047,0,FALSE,0,,
2017/4/2,9811.512695,0,-0.009235704,9908.683594,9732.922852,-0.009903763,0.008009962,1,FALSE,0,,
2017/4/9,9873.363281,0,0.006303879,9902.973633,9717.40332,-0.002999014,0.015796032,1,FALSE,0,,
2017/4/16,9732.922852,0,-0.014224173,9811.512695,9871.993164,-0.008074639,-0.014288648,0,FALSE,0,,
2017/4/23,9717.40332,0,-0.00159454,9873.363281,9899.94043,-0.016049551,-0.018784556,0,FALSE,0,,
2017/4/30,9871.993164,0,0.015908555,9732.922852,9986.820313,0.014087359,-0.011631607,1,FALSE,0,,
2017/5/7,9899.94043,0,0.002830965,9717.40332,9947.620117,0.018438203,-0.004816159,1,FALSE,0,,
2017/5/14,9986.820313,0,0.008775799,9871.993164,10101.9502,0.011497869,-0.011528182,1,FALSE,0,,
2017/5/21,9947.620117,0,-0.003925193,9899.94043,10152.53027,0.004793075,-0.020598912,1,FALSE,0,,
2017/5/28,10101.9502,0,0.015514272,9986.820313,10199.65039,0.011396798,-0.009671419,1,FALSE,0,,
2017/6/4,10152.53027,0,0.005006961,9947.620117,10156.73047,0.020183161,-0.00041371,1,FALSE,0,,
2017/6/11,10199.65039,0,0.004641219,10101.9502,10377.7002,0.009578778,-0.017456462,1,FALSE,0,,
2017/6/18,10156.73047,0,-0.00420798,10152.53027,10395.07031,0.000413539,-0.023466197,1,FALSE,0,,
2017/6/25,10377.7002,0,0.02175599,10199.65039,10297.25,0.017156962,0.007752219,0,FALSE,0,,
2017/7/2,10395.07031,0,0.001673792,10156.73047,10443.91016,0.02292816,-0.004698366,1,FALSE,0,,
2017/7/9,10297.25,0,-0.00941026,10377.7002,10436.7002,-0.007812785,-0.01354247,0,FALSE,0,,
2017/7/16,10443.91016,0,0.014242653,10395.07031,10423.04981,0.004676395,0.00199737,0,FALSE,0,,
2017/7/23,10436.7002,0,-0.000690351,10297.25,10506.55957,0.013361522,-0.006693626,1,FALSE,0,,
2017/7/30,10423.04981,0,-0.001307922,10443.91016,10329.57031,-0.002001367,0.008968536,1,FALSE,0,,
2017/8/6,10506.55957,0,0.008012027,10436.7002,10321.33008,0.006649119,0.01762989,0,FALSE,0,,
2017/8/13,10329.57031,0,-0.016845596,10423.04981,10515.50977,-0.009049699,-0.018000696,0,FALSE,0,,
2017/8/20,10321.33008,0,-0.000797732,10506.55957,10594.82031,-0.017946281,-0.026497576,0,FALSE,0,,
2017/8/27,10515.50977,0,0.018813437,10329.57031,10609.9502,0.017682401,-0.008981061,1,FALSE,0,,
2017/9/3,10594.82031,0,0.007542244,10321.33008,10580.41016,0.025813579,0.001360113,0,FALSE,0,,
2017/9/10,10609.9502,0,0.001428046,10515.50977,10449.67969,0.008901119,0.01510568,0,FALSE,0,,
2017/9/17,10580.41016,0,-0.002784183,10594.82031,10329.94043,-0.001361965,0.02367297,1,FALSE,0,,
2017/9/24,10449.67969,0,-0.012355898,10609.9502,10532.80957,-0.015337361,-0.007955256,0,FALSE,0,,
2017/10/1,10329.94043,0,-0.011458654,10580.41016,10724.08984,-0.024246968,-0.03815602,0,TRUE,0,,
2017/10/8,10532.80957,0,0.019638946,10449.67969,10728.87988,0.00789247,-0.018615196,1,FALSE,0,,
2017/10/15,10724.08984,0,0.018160422,10329.94043,10709.11035,0.036753647,0.001396808,0,TRUE,0,,
2017/10/22,10728.87988,0,0.000446662,10532.80957,10800.76953,0.018275003,-0.006700574,1,FALSE,0,,
2017/10/29,10709.11035,0,-0.001842646,10724.08984,10732.66992,-0.001398761,-0.002199956,0,FALSE,0,,
2017/11/5,10800.76953,0,0.008558991,10728.87988,10701.63965,0.006655975,0.009178039,0,FALSE,0,,
2017/11/12,10732.66992,0,-0.00630507,10709.11035,10854.08984,0.002195127,-0.011313114,1,FALSE,0,,
2017/11/19,10701.63965,0,-0.002891198,10800.76953,10600.37012,-0.009263055,0.009462992,1,FALSE,0,,
2017/11/26,10854.08984,-1,0.014245498,10732.66992,10398.62012,0.011186559,0.041962958,0,TRUE,-1,,
2017/12/3,10600.37012,0,-0.023375495,10701.63965,10491.44043,-0.009553396,0.010276027,1,FALSE,0,,
2017/12/10,10398.62012,0,-0.019032354,10854.08984,10537.26953,-0.043800977,-0.013333443,0,TRUE,1,,
2017/12/17,10491.44043,0,0.008926214,10600.37012,10642.86035,-0.01038272,-0.01443271,0,FALSE,0,,
2017/12/24,10537.26953,0,0.004368237,10398.62012,10879.79981,0.013158002,-0.03250655,1,TRUE,0,,
2017/12/31,10642.86035,0,0.0100207,10491.44043,10883.95996,0.014227371,-0.022653648,1,FALSE,0,,
2018/1/7,10879.79981,0,0.022262761,10537.26953,11150.84961,0.031483142,-0.024913124,1,TRUE,0,,
2018/1/14,10883.95996,0,0.000382374,10642.86035,11147.09961,0.022151828,-0.02417683,1,FALSE,0,,
2018/1/21,11150.84961,0,0.024521374,10879.79981,11126.23047,0.024307547,0.002207826,0,FALSE,0,,
2018/1/28,11147.09961,0,-0.000336297,10883.95996,10371.75,0.023606109,0.069556175,0,TRUE,-1,,
2018/2/4,11126.23047,0,-0.001872159,11150.84961,10421.08984,-0.002212712,0.063376418,1,TRUE,0,,
2018/2/11,10371.75,1,-0.067810969,11147.09961,10794.54981,-0.07475591,-0.040764559,0,TRUE,1,,
2018/2/18,10421.08984,0,0.004757137,11126.23047,10698.16992,-0.067664768,-0.026588398,0,TRUE,0,,
2018/2/25,10794.54981,0,0.03583694,10371.75,10864.82031,0.039167897,-0.006509813,1,TRUE,0,,
2018/3/4,10698.16992,0,-0.00892857,10421.08984,11027.7002,0.025899764,-0.030802491,1,TRUE,0,,
2018/3/11,10864.82031,0,0.015577467,10794.54981,10823.33008,0.006467709,0.003818768,0,FALSE,0,,
2018/3/18,11027.7002,0,0.014991494,10698.16992,10906.21973,0.029882049,0.011015939,0,FALSE,0,,
2018/3/25,10823.33008,0,-0.018532433,10864.82031,10821.53027,-0.003833407,0.00016629,1,FALSE,0,,
2018/4/1,10906.21973,0,0.007658424,11027.7002,10965.38965,-0.011138641,-0.005425337,0,FALSE,0,,
2018/4/8,10821.53027,0,-0.007765244,10823.33008,10779.37988,-0.000166318,0.003895049,1,FALSE,0,,
2018/4/15,10965.38965,0,0.013293811,10906.21973,10553.42969,0.005396062,0.037569113,0,TRUE,-1,,
2018/4/22,10779.37988,0,-0.016963353,10821.53027,10529.37012,-0.00391028,0.023193334,1,FALSE,0,,
2018/4/29,10553.42969,0,-0.020961335,10965.38965,10858.98047,-0.039035647,-0.028952747,0,TRUE,1,,
2018/5/6,10529.37012,0,-0.002279787,10779.37988,10830.83984,-0.023744038,-0.028631316,0,FALSE,0,,
2018/5/13,10858.98047,0,0.0313039,10553.42969,10942.29981,0.028138073,-0.007672851,1,FALSE,0,,
2018/5/20,10830.83984,0,-0.002591462,10529.37012,10949.08008,0.027834381,-0.010916996,1,FALSE,0,,
2018/5/27,10942.29981,0,0.010290981,10858.98047,11156.41992,0.007614427,-0.019568109,1,FALSE,0,,
2018/6/3,10949.08008,0,0.000619638,10830.83984,11087.46973,0.010799103,-0.012639386,1,FALSE,0,,
2018/6/10,11156.41992,0,0.018936736,10942.29981,10899.28027,0.019192547,0.023048581,0,FALSE,0,,
2018/6/17,11087.46973,0,-0.006180315,10949.08008,10836.91016,0.012481626,0.022598445,0,FALSE,0,,
2018/6/24,10899.28027,0,-0.016973166,11156.41992,10608.57031,-0.023592351,0.0266724,1,FALSE,0,,
2018/7/1,10836.91016,0,-0.005722406,11087.46973,10864.54004,-0.023120942,-0.002549609,0,FALSE,0,,
2018/7/8,10608.57031,1,-0.021070568,10899.28027,10932.11035,-0.027403312,-0.030497987,0,TRUE,0,,
2018/7/15,10864.54004,0,0.024128579,10836.91016,11075.78027,0.002543125,-0.01944309,1,FALSE,0,,
2018/7/22,10932.11035,0,0.006219344,10608.57031,11012.42969,0.029595387,-0.007347103,1,FALSE,0,,
2018/7/29,11075.78027,0,0.013142012,10864.54004,10983.67969,0.019072266,0.008315494,0,FALSE,0,,
2018/8/5,11012.42969,0,-0.00571974,10932.11035,10690.95996,0.007293517,0.029191535,0,FALSE,0,,
2018/8/12,10983.67969,0,-0.002610686,11075.78027,10809.34961,-0.008385221,0.015871737,1,FALSE,0,,
2018/8/19,10690.95996,0,-0.026650425,11012.42969,11063.94043,-0.030069304,-0.034887463,0,TRUE,0,,
2018/8/26,10809.34961,0,0.011073809,10983.67969,10846.99023,-0.016127712,-0.003482228,0,FALSE,0,,
2018/9/2,11063.94043,0,0.023552834,10690.95996,10868.13965,0.033711359,0.017697201,0,TRUE,-1,,
2018/9/9,10846.99023,0,-0.019608764,10809.34961,10972.41016,0.003470144,-0.011562648,1,FALSE,0,,
2018/9/16,10868.13965,0,0.001949796,11063.94043,11006.33984,-0.018016035,-0.012716085,0,FALSE,0,,
2018/9/23,10972.41016,0,0.009594145,10846.99023,10517.12012,0.011430481,0.041494078,0,TRUE,0,,
2018/9/30,11006.33984,0,0.003092272,10868.13965,10045.80957,0.012556417,0.087270635,0,TRUE,0,,
2018/10/7,10517.12012,0,-0.044448902,10972.41016,9919.259766,-0.043290372,0.056846394,1,TRUE,0,,
2018/10/14,10045.80957,0,-0.044813651,11006.33984,9489.179688,-0.095615019,0.055409161,1,TRUE,0,,
2018/10/21,9919.259766,0,-0.012597273,10517.12012,9906.589844,-0.060272678,0.001277305,1,TRUE,0,,
2018/10/28,9489.179688,1,-0.043358082,10045.80957,9830.009766,-0.058659431,-0.03591776,0,TRUE,1,,
2018/11/4,9906.589844,0,0.043988013,9919.259766,9797.089844,-0.001278939,0.011053249,1,FALSE,0,,
2018/11/11,9830.009766,0,-0.007730216,9489.179688,9667.299805,0.034672405,0.01655237,0,TRUE,-1,,
2018/11/18,9797.089844,0,-0.003348921,9906.589844,9888.030273,-0.011176788,-0.009282392,0,FALSE,0,,
2018/11/25,9667.299805,0,-0.013247816,9830.009766,9760.879883,-0.016830963,-0.009680064,0,FALSE,0,,
2018/12/2,9888.030273,0,0.022832691,9797.089844,9774.160156,0.009197022,0.011515956,0,FALSE,0,,
2018/12/9,9760.879883,0,-0.012859021,9667.299805,9676.669922,0.009587258,0.008627292,0,FALSE,0,,
2018/12/16,9774.160156,0,0.001360561,9888.030273,9727.410156,-0.011650118,0.00478302,1,FALSE,0,,
2018/12/23,9676.669922,0,-0.009974282,9760.879883,9382.509766,-0.00870237,0.030398904,1,TRUE,0,,
2018/12/30,9727.410156,0,0.005243564,9774.160156,9759.400391,-0.004806007,-0.003288669,0,FALSE,0,,
2019/1/6,9382.509766,1,-0.035456549,9676.669922,9836.05957,-0.031351969,-0.048339923,0,TRUE,1,,
2019/1/13,9759.400391,0,0.040169489,9727.410156,9969.610352,0.003277889,-0.021539229,1,FALSE,0,,
2019/1/20,9836.05957,0,0.007854907,9382.509766,9932.259766,0.046110925,-0.009780359,1,TRUE,0,,
2019/1/27,9969.610352,0,0.013577671,9759.400391,10322.91992,0.021085073,-0.035438654,1,TRUE,0,,
2019/2/3,9932.259766,0,-0.003746444,9836.05957,10389.16992,0.00968563,-0.046002638,1,TRUE,0,,
2019/2/24,10322.91992,0,0.025647818,9969.610352,10241.75,0.034225739,0.007863078,0,TRUE,0,,
2019/3/3,10389.16992,0,0.006417758,9932.259766,10439.24023,0.043979467,-0.004819472,1,TRUE,0,,
2019/3/10,10241.75,0,-0.014189769,10322.91992,10639.07031,-0.007925396,-0.038794182,0,TRUE,0,,
2019/3/17,10439.24023,0,0.01928286,10389.16992,10641.04004,0.004796356,-0.019330891,1,FALSE,0,,
2019/3/24,10639.07031,0,0.019142205,10241.75,10704.37988,0.037345398,-0.006138654,1,TRUE,0,,
2019/3/31,10641.04004,0,0.000185141,10439.24023,10805.29981,0.018964294,-0.015436439,1,FALSE,0,,
2019/4/7,10704.37988,0,0.005952411,10639.07031,10968.5,0.006101201,-0.024674023,1,FALSE,0,,
2019/4/14,10805.29981,0,0.00942791,10641.04004,10952.46973,0.015201778,-0.013620161,1,FALSE,0,,
2019/4/21,10968.5,0,0.015103717,10704.37988,11096.29981,0.024079876,-0.01165153,1,FALSE,0,,
2019/4/28,10952.46973,0,-0.001461482,10805.29981,10712.99023,0.013437145,0.021865342,0,FALSE,0,,
2019/5/5,11096.29981,-1,0.013132205,10968.5,10384.11035,0.011517336,0.064182608,0,TRUE,-1,,
2019/5/12,10712.99023,0,-0.03454391,10952.46973,10328.28027,-0.022354123,0.035910605,1,TRUE,0,,
2019/5/19,10384.11035,0,-0.030699167,11096.29981,10498.49023,-0.068584543,-0.011014895,0,TRUE,0,,
2019/5/26,10328.28027,0,-0.005376491,10712.99023,10409.2002,-0.037248211,-0.007834792,0,TRUE,1,,
2019/6/2,10498.49023,0,0.01647999,10384.11035,10524.66992,0.010894888,-0.002493662,1,FALSE,0,,
2019/6/9,10409.2002,0,-0.008505035,10328.28027,10803.76953,0.007773885,-0.037905826,1,TRUE,0,,
2019/6/16,10524.66992,0,0.011093044,10498.49023,10730.83008,0.002487459,-0.019588278,1,FALSE,0,,
2019/6/23,10803.76953,0,0.026518609,10409.2002,10785.73047,0.03652145,0.001669701,0,TRUE,0,,
2019/6/30,10730.83008,0,-0.006751296,10524.66992,10824.34961,0.019211949,-0.008715032,1,FALSE,0,,
2019/7/7,10785.73047,0,0.005116136,10803.76953,10873.19043,-0.001672493,-0.008108858,0,FALSE,0,,
2019/7/14,10824.34961,0,0.003580577,10730.83008,10891.98047,0.008639737,-0.00624803,1,FALSE,0,,
2019/7/21,10873.19043,0,0.004512125,10785.73047,10549.04004,0.008043634,0.029811893,0,FALSE,0,,
2019/7/28,10891.98047,0,0.001728107,10824.34961,10494.49023,0.006209234,0.036493844,0,TRUE,-1,,
2019/8/4,10549.04004,0,-0.03148559,10873.19043,10420.88965,-0.030727951,0.012148062,1,TRUE,0,,
2019/8/11,10494.49023,0,-0.005171069,10891.98047,10538.11035,-0.037876088,-0.004156478,0,TRUE,1,,
2019/8/18,10420.88965,0,-0.007013259,10549.04004,10618.04981,-0.012297452,-0.018919705,0,FALSE,0,,
2019/8/25,10538.11035,0,0.011248627,10494.49023,10780.63965,0.004139273,-0.023014496,1,FALSE,0,,
2019/9/1,10618.04981,0,0.007585749,10420.88965,10827.54981,0.018568397,-0.019730554,1,FALSE,0,,
2019/9/8,10780.63965,0,0.01531259,10538.11035,10929.69043,0.022496745,-0.013825783,1,FALSE,0,,
2019/9/15,10827.54981,0,0.004351334,10618.04981,10829.67969,0.019348791,-0.000196709,1,FALSE,0,,
2019/9/22,10929.69043,0,0.009433401,10780.63965,10894.48047,0.013637237,0.003221497,0,FALSE,0,,
2019/9/29,10829.67969,0,-0.009150373,10827.54981,10889.95996,0.000196671,-0.00556621,1,FALSE,0,,
2019/10/6,10894.48047,0,0.005983628,10929.69043,11180.21973,-0.003231908,-0.026227892,0,FALSE,0,,
2019/10/13,10889.95996,0,-0.000414936,10829.67969,11296.12012,0.005535399,-0.037296754,1,TRUE,0,,
2019/10/20,11180.21973,0,0.026653888,10894.48047,11399.53027,0.025557571,-0.019615942,1,FALSE,0,,
2019/10/27,11296.12012,0,0.010366557,10889.95996,11579.54004,0.035955722,-0.025090024,1,TRUE,0,,
2019/11/3,11399.53027,0,0.009154484,11180.21973,11525.59961,0.019238559,-0.01105917,1,FALSE,0,,
2019/11/10,11579.54004,0,0.015790981,11296.12012,11566.79981,0.024475922,0.001100236,0,FALSE,0,,
2019/11/17,11525.59961,0,-0.004658253,11399.53027,11489.57031,0.010938202,0.003126024,0,FALSE,0,,
2019/11/24,11566.79981,0,0.003574669,11579.54004,11609.63965,-0.001101448,-0.00370369,0,FALSE,0,,
2019/12/1,11489.57031,0,-0.006676825,11525.59961,11927.73047,-0.003135827,-0.03813547,0,TRUE,0,,
2019/12/8,11609.63965,0,0.01045029,11566.79981,11959.08008,0.003690023,-0.030099162,1,TRUE,0,,
2019/12/15,11927.73047,0,0.027398854,11489.57031,12091.58984,0.036734579,-0.013737682,1,TRUE,0,,
2019/12/22,11959.08008,0,0.002628296,11609.63965,12110.42969,0.029219675,-0.012655623,1,FALSE,0,,
2019/12/29,12091.58984,0,0.011080264,11927.73047,12024.65039,0.013551516,0.005536034,0,FALSE,0,,
2020/1/5,12110.42969,0,0.001558095,11959.08008,12090.29004,0.01249746,0.001663,0,FALSE,0,,
2020/1/12,12024.65039,0,-0.007083093,12091.58984,12118.70996,-0.005566852,-0.007822229,0,FALSE,0,,
2020/1/19,12090.29004,0,0.005458757,12110.42969,11495.09961,-0.001665771,0.049228797,1,TRUE,0,,
2020/1/26,12118.70996,0,0.00235064,12024.65039,11612.80957,0.007761517,0.0417454,0,TRUE,-1,,
2020/2/2,11495.09961,0,-0.051458476,12090.29004,11815.7002,-0.051777753,-0.027890197,0,TRUE,0,,
2020/2/9,11612.80957,0,0.010240012,12118.70996,11686.34961,-0.043563996,-0.006332666,0,TRUE,0,,
2020/2/16,11815.7002,-1,0.017471278,11495.09961,11292.16992,0.02713344,0.04430802,0,TRUE,0,,
2020/2/23,11686.34961,0,-0.010947349,11612.80957,11321.80957,0.006292815,0.031193662,0,TRUE,0,,
2020/3/1,11292.16992,0,-0.033729924,11815.7002,10128.87012,-0.046362239,0.103018269,1,TRUE,0,,
2020/3/8,11321.80957,0,0.002624797,11686.34961,9234.089844,-0.032198037,0.18439806,1,TRUE,0,,
2020/3/15,10128.87012,0,-0.1053665,11292.16992,9698.919922,-0.114849908,0.042447992,1,TRUE,0,,
2020/3/22,9234.089844,-1,-0.088339594,11321.80957,9663.629883,-0.226088306,-0.046516771,0,TRUE,1,,
2020/3/29,9698.919922,0,0.050338483,10128.87012,10157.61035,-0.044329699,-0.047292939,0,TRUE,0,,
2020/4/5,9663.629883,0,-0.003638553,9234.089844,10597.04004,0.04444914,-0.096590015,1,TRUE,0,,
2020/4/12,10157.61035,0,0.051117486,9698.919922,10347.36035,0.045157317,-0.018680575,1,TRUE,0,,
2020/4/19,10597.04004,0,0.043261129,9663.629883,10992.13965,0.088082158,-0.037283959,1,TRUE,0,,
2020/4/26,10347.36035,0,-0.023561267,10157.61035,10901.41992,0.01833801,-0.053545982,1,TRUE,0,,
2020/5/3,10992.13965,0,0.062313409,10597.04004,10814.91992,0.035943831,0.016122405,0,TRUE,0,,
2020/5/10,10901.41992,0,-0.008253146,10347.36035,10811.15039,0.050824532,0.00828053,0,TRUE,0,,
2020/5/17,10814.91992,0,-0.007934746,10992.13965,10942.16016,-0.016386597,-0.01176525,0,FALSE,0,,
2020/5/24,10811.15039,0,-0.000348549,10901.41992,11479.40039,-0.008349669,-0.061811183,0,TRUE,0,,
2020/5/31,10942.16016,0,0.012118023,10814.91992,11429.94043,0.011628439,-0.04457806,1,TRUE,0,,
2020/6/7,11479.40039,0,0.049098187,10811.15039,11549.86035,0.058212971,-0.006137948,1,TRUE,0,,
2020/6/14,11429.94043,0,-0.004308584,10942.16016,11660.66992,0.042675662,-0.020186412,1,TRUE,0,,
2020/6/21,11549.86035,0,0.010491736,11479.40039,11909.16016,0.006100503,-0.031108585,1,TRUE,0,,
2020/6/28,11660.66992,0,0.009594018,11429.94043,12073.67969,0.019786984,-0.035419043,1,TRUE,0,,
2020/7/5,11909.16016,0,0.021310117,11549.86035,12181.55957,0.030170038,-0.0228731,1,TRUE,0,,
2020/7/12,12073.67969,0,0.013814537,11660.66992,12304.04004,0.034207448,-0.019079548,1,TRUE,0,,
2020/7/19,12181.55957,0,0.008935129,11909.16016,12664.79981,0.02236162,-0.039669817,1,TRUE,0,,
2020/7/26,12304.04004,0,0.01005458,12073.67969,12828.87012,0.018722334,-0.042655102,1,TRUE,0,,
2020/8/2,12664.79981,0,0.029320432,12181.55957,12795.45996,0.038156169,-0.010316796,1,TRUE,0,,
2020/8/9,12828.87012,0,0.012954829,12304.04004,12607.83984,0.040910078,0.017229131,0,TRUE,-1,,
2020/8/16,12795.45996,0,-0.002604295,12664.79981,12728.84961,0.010211446,0.00520578,0,FALSE,0,,
2020/8/23,12607.83984,0,-0.014663023,12828.87012,12637.9502,-0.017531178,-0.002388225,0,FALSE,0,,
2020/8/30,12728.84961,0,0.009597978,12795.45996,12675.9502,-0.005233022,0.004155867,1,FALSE,0,,
2020/9/6,12637.9502,0,-0.007141212,12607.83984,12875.62012,0.002382535,-0.01880605,1,FALSE,0,,
2020/9/13,12675.9502,0,0.003006817,12728.84961,12232.91016,-0.004173211,0.034951229,1,TRUE,0,,
2020/9/20,12875.62012,0,0.01575187,12637.9502,12515.61035,0.018458911,0.027960577,0,FALSE,0,,
2020/9/27,12232.91016,1,-0.049916816,12675.9502,12887.19043,-0.03621706,-0.053485251,0,TRUE,1,,
2020/10/4,12515.61035,0,0.023109807,12875.62012,12750.37012,-0.028764859,-0.018757357,0,FALSE,0,,
2020/10/11,12887.19043,0,0.02968933,12232.91016,12898.82031,0.050769815,-0.000902437,1,TRUE,0,,
2020/10/18,12750.37012,0,-0.010616768,12515.61035,12546.33984,0.018411996,0.01600191,0,FALSE,0,,
2020/10/25,12898.82031,0,0.011642814,12887.19043,12973.53027,0.000901624,-0.005791999,1,FALSE,0,,
2020/11/1,12546.33984,1,-0.027326566,12750.37012,13273.33008,-0.016262136,-0.057944408,0,TRUE,0,,
2020/11/8,12973.53027,0,0.034049008,12898.82031,13716.44043,0.005758645,-0.057263532,1,TRUE,0,,
2020/11/15,13273.33008,0,0.023108576,12546.33984,13867.08984,0.05477075,-0.044733293,1,TRUE,0,,
2020/11/22,13716.44043,0,0.03338351,12973.53027,14132.44043,0.054162023,-0.030328568,1,TRUE,0,,
2020/11/29,13867.08984,0,0.010983127,13273.33008,14261.69043,0.042817907,-0.028455905,1,TRUE,0,,
2020/12/6,14132.44043,0,0.019135276,13716.44043,14249.95996,0.029435822,-0.008315586,1,FALSE,0,,
2020/12/13,14261.69043,0,0.009145625,13867.08984,14331.41992,0.027668571,-0.004889286,1,FALSE,0,,
2020/12/20,14249.95996,0,-0.000822516,14132.44043,14732.53027,0.008247008,-0.033864678,1,TRUE,0,,
2020/12/27,14331.41992,0,0.005716504,14261.69043,15463.9502,0.004865498,-0.07902429,1,TRUE,0,,
2021/1/3,14732.53027,0,0.027988179,14249.95996,15616.38965,0.032755426,-0.059993726,1,TRUE,0,,
2021/1/10,15463.9502,0,0.049646593,14331.41992,16019.03027,0.073236803,-0.035895102,1,TRUE,0,,
2021/1/17,15616.38965,0,0.00985773,14732.53027,15138.30957,0.056598189,0.030613995,0,TRUE,0,,
2021/1/24,16019.03027,0,0.025783208,15463.9502,15802.40039,0.03465129,0.013523283,0,TRUE,-1,,
2021/1/31,15138.30957,1,-0.054979651,15616.38965,15953.79981,-0.03158081,-0.053869307,0,TRUE,1,,
2021/2/7,15802.40039,0,0.043868228,16019.03027,15855.23047,-0.013708669,-0.003343168,0,FALSE,0,,
2021/2/28,15953.79981,0,-0.023717708,15138.30957,16255.17969,0.051115737,-0.01889079,1,TRUE,0,,
2021/3/7,15855.23047,0,-0.006178424,15802.40039,16070.24023,0.003332029,-0.01356081,1,FALSE,0,,
2021/3/14,16255.17969,0,0.025225065,15953.79981,16305.87988,0.018540544,-0.003119018,1,FALSE,0,,
2021/3/21,16070.24023,0,-0.011377263,15855.23047,16571.2793,0.013379374,-0.03117807,1,TRUE,0,,
2021/3/28,16305.87988,0,0.014663107,16255.17969,16854.09961,0.003109319,-0.033620984,1,TRUE,0,,
2021/4/4,16571.2793,0,0.016276302,16070.24023,17158.81055,0.030235389,-0.035454791,1,TRUE,0,,
2021/4/11,16854.09961,0,0.017066897,16305.87988,17300.26953,0.032527382,-0.026472486,1,TRUE,0,,
2021/4/18,17158.81055,0,0.018079337,16571.2793,17566.66016,0.034240791,-0.023769107,1,TRUE,0,,
2021/4/25,17300.26953,0,0.008244102,16854.09961,17285,0.025789767,0.000882618,0,FALSE,0,,
2021/5/2,17566.66016,0,0.015398062,17158.81055,15827.08984,0.023217254,0.09902681,0,TRUE,-1,,
2021/5/9,17285,-1,-0.016033791,17300.26953,16302.05957,-0.000883398,0.056866672,1,TRUE,0,,
2021/5/16,15827.08984,0,-0.084345395,17566.66016,16870.85938,-0.10991094,-0.065948292,0,TRUE,1,,
2021/5/23,16302.05957,0,0.030009922,17285,17147.41016,-0.060295475,-0.051855447,0,TRUE,0,,
2021/5/30,16870.85938,0,0.034891285,15827.08984,17213.51953,0.06186819,-0.02031077,1,TRUE,0,,
2021/6/6,17147.41016,0,0.016392217,16302.05957,17318.53906,0.049299024,-0.009979869,1,TRUE,0,,
2021/6/13,17213.51953,0,0.003855356,16870.85938,17502.99023,0.019906455,-0.016816474,1,FALSE,0,,
2021/6/20,17318.53906,0,0.006100991,17147.41016,17710.15039,0.009881255,-0.022612261,1,FALSE,0,,
2021/6/27,17502.99023,0,0.010650504,17213.51953,17661.48047,0.016538357,-0.009055038,1,FALSE,0,,
2021/7/4,17710.15039,0,0.011835701,17318.53906,17895.25,0.022112253,-0.010451611,1,FALSE,0,,
2021/7/11,17661.48047,0,-0.002748137,17502.99023,17572.91992,0.00897378,0.005014333,0,FALSE,0,,
2021/7/18,17895.25,0,0.013236123,17710.15039,17247.41016,0.010343505,0.036201776,0,TRUE,-1,,
2021/7/25,17572.91992,0,-0.018012047,17661.48047,17526.2793,-0.005039604,0.002654119,1,FALSE,0,,
2021/8/1,17247.41016,0,-0.018523374,17895.25,16982.10938,-0.037561572,0.015382065,1,TRUE,0,,
2021/8/8,17526.2793,0,0.016168754,17572.91992,16341.94043,-0.002661182,0.067575031,1,TRUE,0,,
2021/8/15,16982.10938,0,-0.031048799,17247.41016,17209.92969,-0.015622369,-0.013415313,0,FALSE,0,,
2021/8/22,16341.94043,0,-0.037696669,17526.2793,17516.91992,-0.072472353,-0.071899631,0,TRUE,1,,
2021/8/29,17209.92969,0,0.05311421,16982.10938,17474.57031,0.013237725,-0.015377205,1,FALSE,0,,
2021/9/5,17516.91992,0,0.017837971,16341.94043,17276.78906,0.067076832,0.013708509,0,TRUE,-1,,
2021/9/12,17474.57031,0,-0.00241764,17209.92969,17260.18945,0.015144328,0.012268162,0,FALSE,0,,
2021/9/19,17276.78906,0,-0.011318233,17516.91992,16570.89063,-0.013899045,0.040858196,1,TRUE,0,,
2021/9/26,17260.18945,0,-0.000960804,17474.57031,16640.42969,-0.012420539,0.035906892,1,TRUE,0,,
2021/10/3,16570.89063,0,-0.039935762,17276.78906,16781.18945,-0.042598702,-0.012690858,0,TRUE,1,,
2021/10/10,16640.42969,0,0.004196459,17260.18945,16888.74023,-0.037244216,-0.014922123,0,TRUE,0,,
2021/10/17,16781.18945,0,0.008458902,16570.89063,16987.41016,0.012531818,-0.012288802,1,FALSE,0,,
2021/10/24,16888.74023,0,0.006409008,16640.42969,17296.90039,0.014702727,-0.024167591,1,FALSE,0,,
2021/10/31,16987.41016,0,0.00584235,16781.18945,17518.13086,0.01213962,-0.031242002,1,TRUE,0,,
2021/11/7,17296.90039,0,0.0182188,16888.74023,17818.31055,0.023597301,-0.030144717,1,TRUE,0,,
2021/11/14,17518.13086,0,0.01279018,16987.41016,17369.39063,0.03029551,0.008490645,0,TRUE,0,,
2021/11/21,17818.31055,0,0.017135372,17296.90039,17328.08984,0.029262604,0.027512188,0,FALSE,0,,
